sample	category	filename	relative_path	size_bytes	size_human	url
T2T00	assembly	T2T00.combined.fasta	assemblies/T2T00/T2T00.combined.fasta	6012151483	5.6GB	https://cloud.imgag.de/s/oiHyaeziGCYfD9r/download?path=%2Fassemblies%2FT2T00&files=T2T00.combined.fasta
T2T00	assembly	T2T00.contig_pofo_assignment.tsv	assemblies/T2T00/T2T00.contig_pofo_assignment.tsv	45927	44.9KB	https://cloud.imgag.de/s/oiHyaeziGCYfD9r/download?path=%2Fassemblies%2FT2T00&files=T2T00.contig_pofo_assignment.tsv
T2T00	assembly	T2T00.hap1.fasta	assemblies/T2T00/T2T00.hap1.fasta	3032094121	2.8GB	https://cloud.imgag.de/s/oiHyaeziGCYfD9r/download?path=%2Fassemblies%2FT2T00&files=T2T00.hap1.fasta
T2T00	assembly	T2T00.hap2.fasta	assemblies/T2T00/T2T00.hap2.fasta	2933156670	2.7GB	https://cloud.imgag.de/s/oiHyaeziGCYfD9r/download?path=%2Fassemblies%2FT2T00&files=T2T00.hap2.fasta
T2T00_1	assembly	T2T00_1.combined.fasta	assemblies/T2T00_1/T2T00_1.combined.fasta	6038319712	5.6GB	https://cloud.imgag.de/s/oiHyaeziGCYfD9r/download?path=%2Fassemblies%2FT2T00_1&files=T2T00_1.combined.fasta
T2T00_1	assembly	T2T00_1.contig_pofo_assignment.tsv	assemblies/T2T00_1/T2T00_1.contig_pofo_assignment.tsv	58841	57.5KB	https://cloud.imgag.de/s/oiHyaeziGCYfD9r/download?path=%2Fassemblies%2FT2T00_1&files=T2T00_1.contig_pofo_assignment.tsv
T2T00_1	assembly	T2T00_1.hap1.fasta	assemblies/T2T00_1/T2T00_1.hap1.fasta	3036796947	2.8GB	https://cloud.imgag.de/s/oiHyaeziGCYfD9r/download?path=%2Fassemblies%2FT2T00_1&files=T2T00_1.hap1.fasta
T2T00_1	assembly	T2T00_1.hap2.fasta	assemblies/T2T00_1/T2T00_1.hap2.fasta	2933656140	2.7GB	https://cloud.imgag.de/s/oiHyaeziGCYfD9r/download?path=%2Fassemblies%2FT2T00_1&files=T2T00_1.hap2.fasta
T2T00_2	assembly	T2T00_2.combined.fasta	assemblies/T2T00_2/T2T00_2.combined.fasta	6264217133	5.8GB	https://cloud.imgag.de/s/oiHyaeziGCYfD9r/download?path=%2Fassemblies%2FT2T00_2&files=T2T00_2.combined.fasta
T2T00_2	assembly	T2T00_2.contig_pofo_assignment.tsv	assemblies/T2T00_2/T2T00_2.contig_pofo_assignment.tsv	193928	189.4KB	https://cloud.imgag.de/s/oiHyaeziGCYfD9r/download?path=%2Fassemblies%2FT2T00_2&files=T2T00_2.contig_pofo_assignment.tsv
T2T00_2	assembly	T2T00_2.hap1.fasta	assemblies/T2T00_2/T2T00_2.hap1.fasta	3042959077	2.8GB	https://cloud.imgag.de/s/oiHyaeziGCYfD9r/download?path=%2Fassemblies%2FT2T00_2&files=T2T00_2.hap1.fasta
T2T00_2	assembly	T2T00_2.hap2.fasta	assemblies/T2T00_2/T2T00_2.hap2.fasta	3078135356	2.9GB	https://cloud.imgag.de/s/oiHyaeziGCYfD9r/download?path=%2Fassemblies%2FT2T00_2&files=T2T00_2.hap2.fasta
T2T01	assembly	T2T01.combined.fasta	assemblies/T2T01/T2T01.combined.fasta	6098922049	5.7GB	https://cloud.imgag.de/s/oiHyaeziGCYfD9r/download?path=%2Fassemblies%2FT2T01&files=T2T01.combined.fasta
T2T01	assembly	T2T01.contig_pofo_assignment.tsv	assemblies/T2T01/T2T01.contig_pofo_assignment.tsv	50277	49.1KB	https://cloud.imgag.de/s/oiHyaeziGCYfD9r/download?path=%2Fassemblies%2FT2T01&files=T2T01.contig_pofo_assignment.tsv
T2T01	assembly	T2T01.hap1.fasta	assemblies/T2T01/T2T01.hap1.fasta	3016724177	2.8GB	https://cloud.imgag.de/s/oiHyaeziGCYfD9r/download?path=%2Fassemblies%2FT2T01&files=T2T01.hap1.fasta
T2T01	assembly	T2T01.hap2.fasta	assemblies/T2T01/T2T01.hap2.fasta	3015560023	2.8GB	https://cloud.imgag.de/s/oiHyaeziGCYfD9r/download?path=%2Fassemblies%2FT2T01&files=T2T01.hap2.fasta
T2T02	assembly	T2T02.combined.fasta	assemblies/T2T02/T2T02.combined.fasta	6055077057	5.6GB	https://cloud.imgag.de/s/oiHyaeziGCYfD9r/download?path=%2Fassemblies%2FT2T02&files=T2T02.combined.fasta
T2T02	assembly	T2T02.contig_pofo_assignment.tsv	assemblies/T2T02/T2T02.contig_pofo_assignment.tsv	76479	74.7KB	https://cloud.imgag.de/s/oiHyaeziGCYfD9r/download?path=%2Fassemblies%2FT2T02&files=T2T02.contig_pofo_assignment.tsv
T2T02	assembly	T2T02.hap1.fasta	assemblies/T2T02/T2T02.hap1.fasta	3008058500	2.8GB	https://cloud.imgag.de/s/oiHyaeziGCYfD9r/download?path=%2Fassemblies%2FT2T02&files=T2T02.hap1.fasta
T2T02	assembly	T2T02.hap2.fasta	assemblies/T2T02/T2T02.hap2.fasta	2956312288	2.8GB	https://cloud.imgag.de/s/oiHyaeziGCYfD9r/download?path=%2Fassemblies%2FT2T02&files=T2T02.hap2.fasta
T2T03	assembly	T2T03.combined.fasta	assemblies/T2T03/T2T03.combined.fasta	6129555058	5.7GB	https://cloud.imgag.de/s/oiHyaeziGCYfD9r/download?path=%2Fassemblies%2FT2T03&files=T2T03.combined.fasta
T2T03	assembly	T2T03.contig_pofo_assignment.tsv	assemblies/T2T03/T2T03.contig_pofo_assignment.tsv	41484	40.5KB	https://cloud.imgag.de/s/oiHyaeziGCYfD9r/download?path=%2Fassemblies%2FT2T03&files=T2T03.contig_pofo_assignment.tsv
T2T03	assembly	T2T03.hap1.fasta	assemblies/T2T03/T2T03.hap1.fasta	3029086873	2.8GB	https://cloud.imgag.de/s/oiHyaeziGCYfD9r/download?path=%2Fassemblies%2FT2T03&files=T2T03.hap1.fasta
T2T03	assembly	T2T03.hap2.fasta	assemblies/T2T03/T2T03.hap2.fasta	3024418978	2.8GB	https://cloud.imgag.de/s/oiHyaeziGCYfD9r/download?path=%2Fassemblies%2FT2T03&files=T2T03.hap2.fasta
T2T04	assembly	T2T04.combined.fasta	assemblies/T2T04/T2T04.combined.fasta	6048425846	5.6GB	https://cloud.imgag.de/s/oiHyaeziGCYfD9r/download?path=%2Fassemblies%2FT2T04&files=T2T04.combined.fasta
T2T04	assembly	T2T04.contig_pofo_assignment.tsv	assemblies/T2T04/T2T04.contig_pofo_assignment.tsv	63150	61.7KB	https://cloud.imgag.de/s/oiHyaeziGCYfD9r/download?path=%2Fassemblies%2FT2T04&files=T2T04.contig_pofo_assignment.tsv
T2T04	assembly	T2T04.hap1.fasta	assemblies/T2T04/T2T04.hap1.fasta	3029797588	2.8GB	https://cloud.imgag.de/s/oiHyaeziGCYfD9r/download?path=%2Fassemblies%2FT2T04&files=T2T04.hap1.fasta
T2T04	assembly	T2T04.hap2.fasta	assemblies/T2T04/T2T04.hap2.fasta	2922359734	2.7GB	https://cloud.imgag.de/s/oiHyaeziGCYfD9r/download?path=%2Fassemblies%2FT2T04&files=T2T04.hap2.fasta
T2T04_1	assembly	T2T04_1.combined.fasta	assemblies/T2T04_1/T2T04_1.combined.fasta	6056316633	5.6GB	https://cloud.imgag.de/s/oiHyaeziGCYfD9r/download?path=%2Fassemblies%2FT2T04_1&files=T2T04_1.combined.fasta
T2T04_1	assembly	T2T04_1.contig_pofo_assignment.tsv	assemblies/T2T04_1/T2T04_1.contig_pofo_assignment.tsv	68794	67.2KB	https://cloud.imgag.de/s/oiHyaeziGCYfD9r/download?path=%2Fassemblies%2FT2T04_1&files=T2T04_1.contig_pofo_assignment.tsv
T2T04_1	assembly	T2T04_1.hap1.fasta	assemblies/T2T04_1/T2T04_1.hap1.fasta	3025409378	2.8GB	https://cloud.imgag.de/s/oiHyaeziGCYfD9r/download?path=%2Fassemblies%2FT2T04_1&files=T2T04_1.hap1.fasta
T2T04_1	assembly	T2T04_1.hap2.fasta	assemblies/T2T04_1/T2T04_1.hap2.fasta	2957503380	2.8GB	https://cloud.imgag.de/s/oiHyaeziGCYfD9r/download?path=%2Fassemblies%2FT2T04_1&files=T2T04_1.hap2.fasta
T2T04_2	assembly	T2T04_2.combined.fasta	assemblies/T2T04_2/T2T04_2.combined.fasta	6177320757	5.8GB	https://cloud.imgag.de/s/oiHyaeziGCYfD9r/download?path=%2Fassemblies%2FT2T04_2&files=T2T04_2.combined.fasta
T2T04_2	assembly	T2T04_2.contig_pofo_assignment.tsv	assemblies/T2T04_2/T2T04_2.contig_pofo_assignment.tsv	101798	99.4KB	https://cloud.imgag.de/s/oiHyaeziGCYfD9r/download?path=%2Fassemblies%2FT2T04_2&files=T2T04_2.contig_pofo_assignment.tsv
T2T04_2	assembly	T2T04_2.hap1.fasta	assemblies/T2T04_2/T2T04_2.hap1.fasta	3026531653	2.8GB	https://cloud.imgag.de/s/oiHyaeziGCYfD9r/download?path=%2Fassemblies%2FT2T04_2&files=T2T04_2.hap1.fasta
T2T04_2	assembly	T2T04_2.hap2.fasta	assemblies/T2T04_2/T2T04_2.hap2.fasta	3044217439	2.8GB	https://cloud.imgag.de/s/oiHyaeziGCYfD9r/download?path=%2Fassemblies%2FT2T04_2&files=T2T04_2.hap2.fasta
T2T05	assembly	T2T05.combined.fasta	assemblies/T2T05/T2T05.combined.fasta	6007967569	5.6GB	https://cloud.imgag.de/s/oiHyaeziGCYfD9r/download?path=%2Fassemblies%2FT2T05&files=T2T05.combined.fasta
T2T05	assembly	T2T05.contig_pofo_assignment.tsv	assemblies/T2T05/T2T05.contig_pofo_assignment.tsv	49516	48.4KB	https://cloud.imgag.de/s/oiHyaeziGCYfD9r/download?path=%2Fassemblies%2FT2T05&files=T2T05.contig_pofo_assignment.tsv
T2T05	assembly	T2T05.hap1.fasta	assemblies/T2T05/T2T05.hap1.fasta	3021236027	2.8GB	https://cloud.imgag.de/s/oiHyaeziGCYfD9r/download?path=%2Fassemblies%2FT2T05&files=T2T05.hap1.fasta
T2T05	assembly	T2T05.hap2.fasta	assemblies/T2T05/T2T05.hap2.fasta	2916269451	2.7GB	https://cloud.imgag.de/s/oiHyaeziGCYfD9r/download?path=%2Fassemblies%2FT2T05&files=T2T05.hap2.fasta
T2T06	assembly	T2T06.combined.fasta	assemblies/T2T06/T2T06.combined.fasta	6023425600	5.6GB	https://cloud.imgag.de/s/oiHyaeziGCYfD9r/download?path=%2Fassemblies%2FT2T06&files=T2T06.combined.fasta
T2T06	assembly	T2T06.contig_pofo_assignment.tsv	assemblies/T2T06/T2T06.contig_pofo_assignment.tsv	72897	71.2KB	https://cloud.imgag.de/s/oiHyaeziGCYfD9r/download?path=%2Fassemblies%2FT2T06&files=T2T06.contig_pofo_assignment.tsv
T2T06	assembly	T2T06.hap1.fasta	assemblies/T2T06/T2T06.hap1.fasta	3015377711	2.8GB	https://cloud.imgag.de/s/oiHyaeziGCYfD9r/download?path=%2Fassemblies%2FT2T06&files=T2T06.hap1.fasta
T2T06	assembly	T2T06.hap2.fasta	assemblies/T2T06/T2T06.hap2.fasta	2920903424	2.7GB	https://cloud.imgag.de/s/oiHyaeziGCYfD9r/download?path=%2Fassemblies%2FT2T06&files=T2T06.hap2.fasta
T2T07	assembly	T2T07.combined.fasta	assemblies/T2T07/T2T07.combined.fasta	6151422131	5.7GB	https://cloud.imgag.de/s/oiHyaeziGCYfD9r/download?path=%2Fassemblies%2FT2T07&files=T2T07.combined.fasta
T2T07	assembly	T2T07.contig_pofo_assignment.tsv	assemblies/T2T07/T2T07.contig_pofo_assignment.tsv	90480	88.4KB	https://cloud.imgag.de/s/oiHyaeziGCYfD9r/download?path=%2Fassemblies%2FT2T07&files=T2T07.contig_pofo_assignment.tsv
T2T07	assembly	T2T07.hap1.fasta	assemblies/T2T07/T2T07.hap1.fasta	3029053301	2.8GB	https://cloud.imgag.de/s/oiHyaeziGCYfD9r/download?path=%2Fassemblies%2FT2T07&files=T2T07.hap1.fasta
T2T07	assembly	T2T07.hap2.fasta	assemblies/T2T07/T2T07.hap2.fasta	3036187639	2.8GB	https://cloud.imgag.de/s/oiHyaeziGCYfD9r/download?path=%2Fassemblies%2FT2T07&files=T2T07.hap2.fasta
T2T08	assembly	T2T08.combined.fasta	assemblies/T2T08/T2T08.combined.fasta	6106400686	5.7GB	https://cloud.imgag.de/s/oiHyaeziGCYfD9r/download?path=%2Fassemblies%2FT2T08&files=T2T08.combined.fasta
T2T08	assembly	T2T08.contig_pofo_assignment.tsv	assemblies/T2T08/T2T08.contig_pofo_assignment.tsv	42109	41.1KB	https://cloud.imgag.de/s/oiHyaeziGCYfD9r/download?path=%2Fassemblies%2FT2T08&files=T2T08.contig_pofo_assignment.tsv
T2T08	assembly	T2T08.hap1.fasta	assemblies/T2T08/T2T08.hap1.fasta	3030397090	2.8GB	https://cloud.imgag.de/s/oiHyaeziGCYfD9r/download?path=%2Fassemblies%2FT2T08&files=T2T08.hap1.fasta
T2T08	assembly	T2T08.hap2.fasta	assemblies/T2T08/T2T08.hap2.fasta	3019325714	2.8GB	https://cloud.imgag.de/s/oiHyaeziGCYfD9r/download?path=%2Fassemblies%2FT2T08&files=T2T08.hap2.fasta
T2T09	assembly	T2T09.combined.fasta	assemblies/T2T09/T2T09.combined.fasta	6008802574	5.6GB	https://cloud.imgag.de/s/oiHyaeziGCYfD9r/download?path=%2Fassemblies%2FT2T09&files=T2T09.combined.fasta
T2T09	assembly	T2T09.contig_pofo_assignment.tsv	assemblies/T2T09/T2T09.contig_pofo_assignment.tsv	60025	58.6KB	https://cloud.imgag.de/s/oiHyaeziGCYfD9r/download?path=%2Fassemblies%2FT2T09&files=T2T09.contig_pofo_assignment.tsv
T2T09	assembly	T2T09.hap1.fasta	assemblies/T2T09/T2T09.hap1.fasta	3025620400	2.8GB	https://cloud.imgag.de/s/oiHyaeziGCYfD9r/download?path=%2Fassemblies%2FT2T09&files=T2T09.hap1.fasta
T2T09	assembly	T2T09.hap2.fasta	assemblies/T2T09/T2T09.hap2.fasta	2915408864	2.7GB	https://cloud.imgag.de/s/oiHyaeziGCYfD9r/download?path=%2Fassemblies%2FT2T09&files=T2T09.hap2.fasta
T2T10	assembly	T2T10.combined.fasta	assemblies/T2T10/T2T10.combined.fasta	6203020924	5.8GB	https://cloud.imgag.de/s/oiHyaeziGCYfD9r/download?path=%2Fassemblies%2FT2T10&files=T2T10.combined.fasta
T2T10	assembly	T2T10.contig_pofo_assignment.tsv	assemblies/T2T10/T2T10.contig_pofo_assignment.tsv	135021	131.9KB	https://cloud.imgag.de/s/oiHyaeziGCYfD9r/download?path=%2Fassemblies%2FT2T10&files=T2T10.contig_pofo_assignment.tsv
T2T10	assembly	T2T10.hap1.fasta	assemblies/T2T10/T2T10.hap1.fasta	3176396257	3.0GB	https://cloud.imgag.de/s/oiHyaeziGCYfD9r/download?path=%2Fassemblies%2FT2T10&files=T2T10.hap1.fasta
T2T10	assembly	T2T10.hap2.fasta	assemblies/T2T10/T2T10.hap2.fasta	2877740208	2.7GB	https://cloud.imgag.de/s/oiHyaeziGCYfD9r/download?path=%2Fassemblies%2FT2T10&files=T2T10.hap2.fasta
T2T11	assembly	T2T11.combined.fasta	assemblies/T2T11/T2T11.combined.fasta	6067909032	5.7GB	https://cloud.imgag.de/s/oiHyaeziGCYfD9r/download?path=%2Fassemblies%2FT2T11&files=T2T11.combined.fasta
T2T11	assembly	T2T11.contig_pofo_assignment.tsv	assemblies/T2T11/T2T11.contig_pofo_assignment.tsv	74790	73.0KB	https://cloud.imgag.de/s/oiHyaeziGCYfD9r/download?path=%2Fassemblies%2FT2T11&files=T2T11.contig_pofo_assignment.tsv
T2T11	assembly	T2T11.hap1.fasta	assemblies/T2T11/T2T11.hap1.fasta	3048903348	2.8GB	https://cloud.imgag.de/s/oiHyaeziGCYfD9r/download?path=%2Fassemblies%2FT2T11&files=T2T11.hap1.fasta
T2T11	assembly	T2T11.hap2.fasta	assemblies/T2T11/T2T11.hap2.fasta	2951972842	2.7GB	https://cloud.imgag.de/s/oiHyaeziGCYfD9r/download?path=%2Fassemblies%2FT2T11&files=T2T11.hap2.fasta
T2T12	assembly	T2T12.combined.fasta	assemblies/T2T12/T2T12.combined.fasta	6094465850	5.7GB	https://cloud.imgag.de/s/oiHyaeziGCYfD9r/download?path=%2Fassemblies%2FT2T12&files=T2T12.combined.fasta
T2T12	assembly	T2T12.contig_pofo_assignment.tsv	assemblies/T2T12/T2T12.contig_pofo_assignment.tsv	35148	34.3KB	https://cloud.imgag.de/s/oiHyaeziGCYfD9r/download?path=%2Fassemblies%2FT2T12&files=T2T12.contig_pofo_assignment.tsv
T2T12	assembly	T2T12.hap1.fasta	assemblies/T2T12/T2T12.hap1.fasta	3013204185	2.8GB	https://cloud.imgag.de/s/oiHyaeziGCYfD9r/download?path=%2Fassemblies%2FT2T12&files=T2T12.hap1.fasta
T2T12	assembly	T2T12.hap2.fasta	assemblies/T2T12/T2T12.hap2.fasta	3026874092	2.8GB	https://cloud.imgag.de/s/oiHyaeziGCYfD9r/download?path=%2Fassemblies%2FT2T12&files=T2T12.hap2.fasta
T2T13	assembly	T2T13.combined.fasta	assemblies/T2T13/T2T13.combined.fasta	6132431317	5.7GB	https://cloud.imgag.de/s/oiHyaeziGCYfD9r/download?path=%2Fassemblies%2FT2T13&files=T2T13.combined.fasta
T2T13	assembly	T2T13.contig_pofo_assignment.tsv	assemblies/T2T13/T2T13.contig_pofo_assignment.tsv	47256	46.1KB	https://cloud.imgag.de/s/oiHyaeziGCYfD9r/download?path=%2Fassemblies%2FT2T13&files=T2T13.contig_pofo_assignment.tsv
T2T13	assembly	T2T13.hap1.fasta	assemblies/T2T13/T2T13.hap1.fasta	3034782200	2.8GB	https://cloud.imgag.de/s/oiHyaeziGCYfD9r/download?path=%2Fassemblies%2FT2T13&files=T2T13.hap1.fasta
T2T13	assembly	T2T13.hap2.fasta	assemblies/T2T13/T2T13.hap2.fasta	3027794950	2.8GB	https://cloud.imgag.de/s/oiHyaeziGCYfD9r/download?path=%2Fassemblies%2FT2T13&files=T2T13.hap2.fasta
T2T15	assembly	T2T15.combined.fasta	assemblies/T2T15/T2T15.combined.fasta	6105475092	5.7GB	https://cloud.imgag.de/s/oiHyaeziGCYfD9r/download?path=%2Fassemblies%2FT2T15&files=T2T15.combined.fasta
T2T15	assembly	T2T15.contig_pofo_assignment.tsv	assemblies/T2T15/T2T15.contig_pofo_assignment.tsv	37267	36.4KB	https://cloud.imgag.de/s/oiHyaeziGCYfD9r/download?path=%2Fassemblies%2FT2T15&files=T2T15.contig_pofo_assignment.tsv
T2T15	assembly	T2T15.hap1.fasta	assemblies/T2T15/T2T15.hap1.fasta	3031131460	2.8GB	https://cloud.imgag.de/s/oiHyaeziGCYfD9r/download?path=%2Fassemblies%2FT2T15&files=T2T15.hap1.fasta
T2T15	assembly	T2T15.hap2.fasta	assemblies/T2T15/T2T15.hap2.fasta	3000947941	2.8GB	https://cloud.imgag.de/s/oiHyaeziGCYfD9r/download?path=%2Fassemblies%2FT2T15&files=T2T15.hap2.fasta
T2T16	assembly	T2T16.combined.fasta	assemblies/T2T16/T2T16.combined.fasta	6098102155	5.7GB	https://cloud.imgag.de/s/oiHyaeziGCYfD9r/download?path=%2Fassemblies%2FT2T16&files=T2T16.combined.fasta
T2T16	assembly	T2T16.contig_pofo_assignment.tsv	assemblies/T2T16/T2T16.contig_pofo_assignment.tsv	47477	46.4KB	https://cloud.imgag.de/s/oiHyaeziGCYfD9r/download?path=%2Fassemblies%2FT2T16&files=T2T16.contig_pofo_assignment.tsv
T2T16	assembly	T2T16.hap1.fasta	assemblies/T2T16/T2T16.hap1.fasta	3026798470	2.8GB	https://cloud.imgag.de/s/oiHyaeziGCYfD9r/download?path=%2Fassemblies%2FT2T16&files=T2T16.hap1.fasta
T2T16	assembly	T2T16.hap2.fasta	assemblies/T2T16/T2T16.hap2.fasta	3022420151	2.8GB	https://cloud.imgag.de/s/oiHyaeziGCYfD9r/download?path=%2Fassemblies%2FT2T16&files=T2T16.hap2.fasta
T2T17	assembly	T2T17.combined.fasta	assemblies/T2T17/T2T17.combined.fasta	6016062579	5.6GB	https://cloud.imgag.de/s/oiHyaeziGCYfD9r/download?path=%2Fassemblies%2FT2T17&files=T2T17.combined.fasta
T2T17	assembly	T2T17.contig_pofo_assignment.tsv	assemblies/T2T17/T2T17.contig_pofo_assignment.tsv	37821	36.9KB	https://cloud.imgag.de/s/oiHyaeziGCYfD9r/download?path=%2Fassemblies%2FT2T17&files=T2T17.contig_pofo_assignment.tsv
T2T17	assembly	T2T17.hap1.fasta	assemblies/T2T17/T2T17.hap1.fasta	3025417028	2.8GB	https://cloud.imgag.de/s/oiHyaeziGCYfD9r/download?path=%2Fassemblies%2FT2T17&files=T2T17.hap1.fasta
T2T17	assembly	T2T17.hap2.fasta	assemblies/T2T17/T2T17.hap2.fasta	2919847051	2.7GB	https://cloud.imgag.de/s/oiHyaeziGCYfD9r/download?path=%2Fassemblies%2FT2T17&files=T2T17.hap2.fasta
T2T18	assembly	T2T18.combined.fasta	assemblies/T2T18/T2T18.combined.fasta	6032569919	5.6GB	https://cloud.imgag.de/s/oiHyaeziGCYfD9r/download?path=%2Fassemblies%2FT2T18&files=T2T18.combined.fasta
T2T18	assembly	T2T18.contig_pofo_assignment.tsv	assemblies/T2T18/T2T18.contig_pofo_assignment.tsv	36498	35.6KB	https://cloud.imgag.de/s/oiHyaeziGCYfD9r/download?path=%2Fassemblies%2FT2T18&files=T2T18.contig_pofo_assignment.tsv
T2T18	assembly	T2T18.hap1.fasta	assemblies/T2T18/T2T18.hap1.fasta	3027740299	2.8GB	https://cloud.imgag.de/s/oiHyaeziGCYfD9r/download?path=%2Fassemblies%2FT2T18&files=T2T18.hap1.fasta
T2T18	assembly	T2T18.hap2.fasta	assemblies/T2T18/T2T18.hap2.fasta	2941540757	2.7GB	https://cloud.imgag.de/s/oiHyaeziGCYfD9r/download?path=%2Fassemblies%2FT2T18&files=T2T18.hap2.fasta
T2T19	assembly	T2T19.combined.fasta	assemblies/T2T19/T2T19.combined.fasta	6020685522	5.6GB	https://cloud.imgag.de/s/oiHyaeziGCYfD9r/download?path=%2Fassemblies%2FT2T19&files=T2T19.combined.fasta
T2T19	assembly	T2T19.contig_pofo_assignment.tsv	assemblies/T2T19/T2T19.contig_pofo_assignment.tsv	35207	34.4KB	https://cloud.imgag.de/s/oiHyaeziGCYfD9r/download?path=%2Fassemblies%2FT2T19&files=T2T19.contig_pofo_assignment.tsv
T2T19	assembly	T2T19.hap1.fasta	assemblies/T2T19/T2T19.hap1.fasta	3012004479	2.8GB	https://cloud.imgag.de/s/oiHyaeziGCYfD9r/download?path=%2Fassemblies%2FT2T19&files=T2T19.hap1.fasta
T2T19	assembly	T2T19.hap2.fasta	assemblies/T2T19/T2T19.hap2.fasta	2927785393	2.7GB	https://cloud.imgag.de/s/oiHyaeziGCYfD9r/download?path=%2Fassemblies%2FT2T19&files=T2T19.hap2.fasta
T2T_HG002	assembly	T2T_HG002.combined.fasta	assemblies/T2T_HG002/T2T_HG002.combined.fasta	6049838839	5.6GB	https://cloud.imgag.de/s/oiHyaeziGCYfD9r/download?path=%2Fassemblies%2FT2T_HG002&files=T2T_HG002.combined.fasta
T2T_HG002	assembly	T2T_HG002.contig_pofo_assignment.tsv	assemblies/T2T_HG002/T2T_HG002.contig_pofo_assignment.tsv	65085	63.6KB	https://cloud.imgag.de/s/oiHyaeziGCYfD9r/download?path=%2Fassemblies%2FT2T_HG002&files=T2T_HG002.contig_pofo_assignment.tsv
T2T_HG002	assembly	T2T_HG002.hap1.fasta	assemblies/T2T_HG002/T2T_HG002.hap1.fasta	3028743629	2.8GB	https://cloud.imgag.de/s/oiHyaeziGCYfD9r/download?path=%2Fassemblies%2FT2T_HG002&files=T2T_HG002.hap1.fasta
T2T_HG002	assembly	T2T_HG002.hap2.fasta	assemblies/T2T_HG002/T2T_HG002.hap2.fasta	2946918470	2.7GB	https://cloud.imgag.de/s/oiHyaeziGCYfD9r/download?path=%2Fassemblies%2FT2T_HG002&files=T2T_HG002.hap2.fasta
T2T00	3d_contacts	T2T00.combined.mcool	annotations/T2T00/3d_contacts/T2T00.combined.mcool	3302665504	3.1GB	https://cloud.imgag.de/s/oiHyaeziGCYfD9r/download?path=%2Fannotations%2FT2T00%2F3d_contacts&files=T2T00.combined.mcool
T2T00	3d_contacts	T2T00.hp1.mcool	annotations/T2T00/3d_contacts/T2T00.hp1.mcool	1505989364	1.4GB	https://cloud.imgag.de/s/oiHyaeziGCYfD9r/download?path=%2Fannotations%2FT2T00%2F3d_contacts&files=T2T00.hp1.mcool
T2T00	3d_contacts	T2T00.hp2.mcool	annotations/T2T00/3d_contacts/T2T00.hp2.mcool	1499594294	1.4GB	https://cloud.imgag.de/s/oiHyaeziGCYfD9r/download?path=%2Fannotations%2FT2T00%2F3d_contacts&files=T2T00.hp2.mcool
T2T00	assembly_issues	T2T00.assembly_issues.lifted.gff3	annotations/T2T00/assembly_issues/T2T00.assembly_issues.lifted.gff3	1253266	1.2MB	https://cloud.imgag.de/s/oiHyaeziGCYfD9r/download?path=%2Fannotations%2FT2T00%2Fassembly_issues&files=T2T00.assembly_issues.lifted.gff3
T2T00	assembly_issues	T2T00.flagger.bed	annotations/T2T00/assembly_issues/T2T00.flagger.bed	485870	474.5KB	https://cloud.imgag.de/s/oiHyaeziGCYfD9r/download?path=%2Fannotations%2FT2T00%2Fassembly_issues&files=T2T00.flagger.bed
T2T00	assembly_issues	T2T00.gaps.bed	annotations/T2T00/assembly_issues/T2T00.gaps.bed	3713	3.6KB	https://cloud.imgag.de/s/oiHyaeziGCYfD9r/download?path=%2Fannotations%2FT2T00%2Fassembly_issues&files=T2T00.gaps.bed
T2T00	assembly_issues	T2T00.nucflag_misasm.bed	annotations/T2T00/assembly_issues/T2T00.nucflag_misasm.bed	133644	130.5KB	https://cloud.imgag.de/s/oiHyaeziGCYfD9r/download?path=%2Fannotations%2FT2T00%2Fassembly_issues&files=T2T00.nucflag_misasm.bed
T2T00	assembly_issues	T2T00.nucflag_status.bed	annotations/T2T00/assembly_issues/T2T00.nucflag_status.bed	71981	70.3KB	https://cloud.imgag.de/s/oiHyaeziGCYfD9r/download?path=%2Fannotations%2FT2T00%2Fassembly_issues&files=T2T00.nucflag_status.bed
T2T00	cenmap	T2T00.complete_cens.bed	annotations/T2T00/cenmap/T2T00.complete_cens.bed	4024	3.9KB	https://cloud.imgag.de/s/oiHyaeziGCYfD9r/download?path=%2Fannotations%2FT2T00%2Fcenmap&files=T2T00.complete_cens.bed
T2T00	cenmap	T2T00.complete_correct_cens.bed	annotations/T2T00/cenmap/T2T00.complete_correct_cens.bed	3014	2.9KB	https://cloud.imgag.de/s/oiHyaeziGCYfD9r/download?path=%2Fannotations%2FT2T00%2Fcenmap&files=T2T00.complete_correct_cens.bed
T2T00	methylation	T2T00.hp1.methyl.bed	annotations/T2T00/methylation/T2T00.hp1.methyl.bed	5598603417	5.2GB	https://cloud.imgag.de/s/oiHyaeziGCYfD9r/download?path=%2Fannotations%2FT2T00%2Fmethylation&files=T2T00.hp1.methyl.bed
T2T00	methylation	T2T00.hp2.methyl.bed	annotations/T2T00/methylation/T2T00.hp2.methyl.bed	5613297513	5.2GB	https://cloud.imgag.de/s/oiHyaeziGCYfD9r/download?path=%2Fannotations%2FT2T00%2Fmethylation&files=T2T00.hp2.methyl.bed
T2T00	repeatmasker	T2T00.filtered.bed	annotations/T2T00/repeatmasker/T2T00.filtered.bed	710058567	677.2MB	https://cloud.imgag.de/s/oiHyaeziGCYfD9r/download?path=%2Fannotations%2FT2T00%2Frepeatmasker&files=T2T00.filtered.bed
T2T00	repeatmasker	T2T00.filtered_satellites.bed	annotations/T2T00/repeatmasker/T2T00.filtered_satellites.bed	4015681	3.8MB	https://cloud.imgag.de/s/oiHyaeziGCYfD9r/download?path=%2Fannotations%2FT2T00%2Frepeatmasker&files=T2T00.filtered_satellites.bed
T2T00	repeatmasker	T2T00.repeatmasker.out	annotations/T2T00/repeatmasker/T2T00.repeatmasker.out	1809759889	1.7GB	https://cloud.imgag.de/s/oiHyaeziGCYfD9r/download?path=%2Fannotations%2FT2T00%2Frepeatmasker&files=T2T00.repeatmasker.out
T2T00	variants	T2T00.small_variants.vcf.gz	annotations/T2T00/variants/T2T00.small_variants.vcf.gz	39009975	37.2MB	https://cloud.imgag.de/s/oiHyaeziGCYfD9r/download?path=%2Fannotations%2FT2T00%2Fvariants&files=T2T00.small_variants.vcf.gz
T2T00	variants	T2T00.small_variants.vcf.gz.tbi	annotations/T2T00/variants/T2T00.small_variants.vcf.gz.tbi	1572529	1.5MB	https://cloud.imgag.de/s/oiHyaeziGCYfD9r/download?path=%2Fannotations%2FT2T00%2Fvariants&files=T2T00.small_variants.vcf.gz.tbi
T2T00	variants	T2T00.structural_variants.vcf.gz	annotations/T2T00/variants/T2T00.structural_variants.vcf.gz	8385995	8.0MB	https://cloud.imgag.de/s/oiHyaeziGCYfD9r/download?path=%2Fannotations%2FT2T00%2Fvariants&files=T2T00.structural_variants.vcf.gz
T2T00	variants	T2T00.structural_variants.vcf.gz.tbi	annotations/T2T00/variants/T2T00.structural_variants.vcf.gz.tbi	282557	275.9KB	https://cloud.imgag.de/s/oiHyaeziGCYfD9r/download?path=%2Fannotations%2FT2T00%2Fvariants&files=T2T00.structural_variants.vcf.gz.tbi
T2T00_1	3d_contacts	T2T00_1.combined.mcool	annotations/T2T00_1/3d_contacts/T2T00_1.combined.mcool	2455217334	2.3GB	https://cloud.imgag.de/s/oiHyaeziGCYfD9r/download?path=%2Fannotations%2FT2T00_1%2F3d_contacts&files=T2T00_1.combined.mcool
T2T00_1	3d_contacts	T2T00_1.hp1.mcool	annotations/T2T00_1/3d_contacts/T2T00_1.hp1.mcool	984140949	938.5MB	https://cloud.imgag.de/s/oiHyaeziGCYfD9r/download?path=%2Fannotations%2FT2T00_1%2F3d_contacts&files=T2T00_1.hp1.mcool
T2T00_1	3d_contacts	T2T00_1.hp2.mcool	annotations/T2T00_1/3d_contacts/T2T00_1.hp2.mcool	987948323	942.2MB	https://cloud.imgag.de/s/oiHyaeziGCYfD9r/download?path=%2Fannotations%2FT2T00_1%2F3d_contacts&files=T2T00_1.hp2.mcool
T2T00_1	assembly_issues	T2T00_1.assembly_issues.lifted.gff3	annotations/T2T00_1/assembly_issues/T2T00_1.assembly_issues.lifted.gff3	1209955	1.2MB	https://cloud.imgag.de/s/oiHyaeziGCYfD9r/download?path=%2Fannotations%2FT2T00_1%2Fassembly_issues&files=T2T00_1.assembly_issues.lifted.gff3
T2T00_1	assembly_issues	T2T00_1.flagger.bed	annotations/T2T00_1/assembly_issues/T2T00_1.flagger.bed	390590	381.4KB	https://cloud.imgag.de/s/oiHyaeziGCYfD9r/download?path=%2Fannotations%2FT2T00_1%2Fassembly_issues&files=T2T00_1.flagger.bed
T2T00_1	assembly_issues	T2T00_1.gaps.bed	annotations/T2T00_1/assembly_issues/T2T00_1.gaps.bed	2663	2.6KB	https://cloud.imgag.de/s/oiHyaeziGCYfD9r/download?path=%2Fannotations%2FT2T00_1%2Fassembly_issues&files=T2T00_1.gaps.bed
T2T00_1	assembly_issues	T2T00_1.nucflag_misasm.bed	annotations/T2T00_1/assembly_issues/T2T00_1.nucflag_misasm.bed	209909	205.0KB	https://cloud.imgag.de/s/oiHyaeziGCYfD9r/download?path=%2Fannotations%2FT2T00_1%2Fassembly_issues&files=T2T00_1.nucflag_misasm.bed
T2T00_1	assembly_issues	T2T00_1.nucflag_status.bed	annotations/T2T00_1/assembly_issues/T2T00_1.nucflag_status.bed	78757	76.9KB	https://cloud.imgag.de/s/oiHyaeziGCYfD9r/download?path=%2Fannotations%2FT2T00_1%2Fassembly_issues&files=T2T00_1.nucflag_status.bed
T2T00_1	cenmap	T2T00_1.complete_cens.bed	annotations/T2T00_1/cenmap/T2T00_1.complete_cens.bed	4143	4.0KB	https://cloud.imgag.de/s/oiHyaeziGCYfD9r/download?path=%2Fannotations%2FT2T00_1%2Fcenmap&files=T2T00_1.complete_cens.bed
T2T00_1	cenmap	T2T00_1.complete_correct_cens.bed	annotations/T2T00_1/cenmap/T2T00_1.complete_correct_cens.bed	2954	2.9KB	https://cloud.imgag.de/s/oiHyaeziGCYfD9r/download?path=%2Fannotations%2FT2T00_1%2Fcenmap&files=T2T00_1.complete_correct_cens.bed
T2T00_1	methylation	T2T00_1.hp1.methyl.bed	annotations/T2T00_1/methylation/T2T00_1.hp1.methyl.bed	3797180898	3.5GB	https://cloud.imgag.de/s/oiHyaeziGCYfD9r/download?path=%2Fannotations%2FT2T00_1%2Fmethylation&files=T2T00_1.hp1.methyl.bed
T2T00_1	methylation	T2T00_1.hp2.methyl.bed	annotations/T2T00_1/methylation/T2T00_1.hp2.methyl.bed	3821269278	3.6GB	https://cloud.imgag.de/s/oiHyaeziGCYfD9r/download?path=%2Fannotations%2FT2T00_1%2Fmethylation&files=T2T00_1.hp2.methyl.bed
T2T00_1	repeatmasker	T2T00_1.filtered.bed	annotations/T2T00_1/repeatmasker/T2T00_1.filtered.bed	714209603	681.1MB	https://cloud.imgag.de/s/oiHyaeziGCYfD9r/download?path=%2Fannotations%2FT2T00_1%2Frepeatmasker&files=T2T00_1.filtered.bed
T2T00_1	repeatmasker	T2T00_1.filtered_satellites.bed	annotations/T2T00_1/repeatmasker/T2T00_1.filtered_satellites.bed	4408458	4.2MB	https://cloud.imgag.de/s/oiHyaeziGCYfD9r/download?path=%2Fannotations%2FT2T00_1%2Frepeatmasker&files=T2T00_1.filtered_satellites.bed
T2T00_1	repeatmasker	T2T00_1.repeatmasker.out	annotations/T2T00_1/repeatmasker/T2T00_1.repeatmasker.out	1815012922	1.7GB	https://cloud.imgag.de/s/oiHyaeziGCYfD9r/download?path=%2Fannotations%2FT2T00_1%2Frepeatmasker&files=T2T00_1.repeatmasker.out
T2T00_1	variants	T2T00_1.small_variants.vcf.gz	annotations/T2T00_1/variants/T2T00_1.small_variants.vcf.gz	39125215	37.3MB	https://cloud.imgag.de/s/oiHyaeziGCYfD9r/download?path=%2Fannotations%2FT2T00_1%2Fvariants&files=T2T00_1.small_variants.vcf.gz
T2T00_1	variants	T2T00_1.small_variants.vcf.gz.tbi	annotations/T2T00_1/variants/T2T00_1.small_variants.vcf.gz.tbi	1572720	1.5MB	https://cloud.imgag.de/s/oiHyaeziGCYfD9r/download?path=%2Fannotations%2FT2T00_1%2Fvariants&files=T2T00_1.small_variants.vcf.gz.tbi
T2T00_1	variants	T2T00_1.structural_variants.vcf.gz	annotations/T2T00_1/variants/T2T00_1.structural_variants.vcf.gz	7935580	7.6MB	https://cloud.imgag.de/s/oiHyaeziGCYfD9r/download?path=%2Fannotations%2FT2T00_1%2Fvariants&files=T2T00_1.structural_variants.vcf.gz
T2T00_1	variants	T2T00_1.structural_variants.vcf.gz.tbi	annotations/T2T00_1/variants/T2T00_1.structural_variants.vcf.gz.tbi	279796	273.2KB	https://cloud.imgag.de/s/oiHyaeziGCYfD9r/download?path=%2Fannotations%2FT2T00_1%2Fvariants&files=T2T00_1.structural_variants.vcf.gz.tbi
T2T00_2	3d_contacts	T2T00_2.combined.mcool	annotations/T2T00_2/3d_contacts/T2T00_2.combined.mcool	2394876234	2.2GB	https://cloud.imgag.de/s/oiHyaeziGCYfD9r/download?path=%2Fannotations%2FT2T00_2%2F3d_contacts&files=T2T00_2.combined.mcool
T2T00_2	3d_contacts	T2T00_2.hp1.mcool	annotations/T2T00_2/3d_contacts/T2T00_2.hp1.mcool	1347262668	1.3GB	https://cloud.imgag.de/s/oiHyaeziGCYfD9r/download?path=%2Fannotations%2FT2T00_2%2F3d_contacts&files=T2T00_2.hp1.mcool
T2T00_2	3d_contacts	T2T00_2.hp2.mcool	annotations/T2T00_2/3d_contacts/T2T00_2.hp2.mcool	1347580517	1.3GB	https://cloud.imgag.de/s/oiHyaeziGCYfD9r/download?path=%2Fannotations%2FT2T00_2%2F3d_contacts&files=T2T00_2.hp2.mcool
T2T00_2	assembly_issues	T2T00_2.assembly_issues.lifted.gff3	annotations/T2T00_2/assembly_issues/T2T00_2.assembly_issues.lifted.gff3	10942017	10.4MB	https://cloud.imgag.de/s/oiHyaeziGCYfD9r/download?path=%2Fannotations%2FT2T00_2%2Fassembly_issues&files=T2T00_2.assembly_issues.lifted.gff3
T2T00_2	assembly_issues	T2T00_2.flagger.bed	annotations/T2T00_2/assembly_issues/T2T00_2.flagger.bed	832353	812.8KB	https://cloud.imgag.de/s/oiHyaeziGCYfD9r/download?path=%2Fannotations%2FT2T00_2%2Fassembly_issues&files=T2T00_2.flagger.bed
T2T00_2	assembly_issues	T2T00_2.gaps.bed	annotations/T2T00_2/assembly_issues/T2T00_2.gaps.bed	11572	11.3KB	https://cloud.imgag.de/s/oiHyaeziGCYfD9r/download?path=%2Fannotations%2FT2T00_2%2Fassembly_issues&files=T2T00_2.gaps.bed
T2T00_2	assembly_issues	T2T00_2.nucflag_misasm.bed	annotations/T2T00_2/assembly_issues/T2T00_2.nucflag_misasm.bed	2406409	2.3MB	https://cloud.imgag.de/s/oiHyaeziGCYfD9r/download?path=%2Fannotations%2FT2T00_2%2Fassembly_issues&files=T2T00_2.nucflag_misasm.bed
T2T00_2	assembly_issues	T2T00_2.nucflag_status.bed	annotations/T2T00_2/assembly_issues/T2T00_2.nucflag_status.bed	146771	143.3KB	https://cloud.imgag.de/s/oiHyaeziGCYfD9r/download?path=%2Fannotations%2FT2T00_2%2Fassembly_issues&files=T2T00_2.nucflag_status.bed
T2T00_2	cenmap	T2T00_2.complete_cens.bed	annotations/T2T00_2/cenmap/T2T00_2.complete_cens.bed	5010	4.9KB	https://cloud.imgag.de/s/oiHyaeziGCYfD9r/download?path=%2Fannotations%2FT2T00_2%2Fcenmap&files=T2T00_2.complete_cens.bed
T2T00_2	cenmap	T2T00_2.complete_correct_cens.bed	annotations/T2T00_2/cenmap/T2T00_2.complete_correct_cens.bed	385	385B	https://cloud.imgag.de/s/oiHyaeziGCYfD9r/download?path=%2Fannotations%2FT2T00_2%2Fcenmap&files=T2T00_2.complete_correct_cens.bed
T2T00_2	methylation	T2T00_2.hp1.methyl.bed	annotations/T2T00_2/methylation/T2T00_2.hp1.methyl.bed	2581044210	2.4GB	https://cloud.imgag.de/s/oiHyaeziGCYfD9r/download?path=%2Fannotations%2FT2T00_2%2Fmethylation&files=T2T00_2.hp1.methyl.bed
T2T00_2	methylation	T2T00_2.hp2.methyl.bed	annotations/T2T00_2/methylation/T2T00_2.hp2.methyl.bed	2579426459	2.4GB	https://cloud.imgag.de/s/oiHyaeziGCYfD9r/download?path=%2Fannotations%2FT2T00_2%2Fmethylation&files=T2T00_2.hp2.methyl.bed
T2T00_2	repeatmasker	T2T00_2.filtered.bed	annotations/T2T00_2/repeatmasker/T2T00_2.filtered.bed	732567785	698.6MB	https://cloud.imgag.de/s/oiHyaeziGCYfD9r/download?path=%2Fannotations%2FT2T00_2%2Frepeatmasker&files=T2T00_2.filtered.bed
T2T00_2	repeatmasker	T2T00_2.filtered_satellites.bed	annotations/T2T00_2/repeatmasker/T2T00_2.filtered_satellites.bed	3862914	3.7MB	https://cloud.imgag.de/s/oiHyaeziGCYfD9r/download?path=%2Fannotations%2FT2T00_2%2Frepeatmasker&files=T2T00_2.filtered_satellites.bed
T2T00_2	repeatmasker	T2T00_2.repeatmasker.out	annotations/T2T00_2/repeatmasker/T2T00_2.repeatmasker.out	1852779560	1.7GB	https://cloud.imgag.de/s/oiHyaeziGCYfD9r/download?path=%2Fannotations%2FT2T00_2%2Frepeatmasker&files=T2T00_2.repeatmasker.out
T2T00_2	variants	T2T00_2.small_variants.vcf.gz	annotations/T2T00_2/variants/T2T00_2.small_variants.vcf.gz	39137930	37.3MB	https://cloud.imgag.de/s/oiHyaeziGCYfD9r/download?path=%2Fannotations%2FT2T00_2%2Fvariants&files=T2T00_2.small_variants.vcf.gz
T2T00_2	variants	T2T00_2.small_variants.vcf.gz.tbi	annotations/T2T00_2/variants/T2T00_2.small_variants.vcf.gz.tbi	1575336	1.5MB	https://cloud.imgag.de/s/oiHyaeziGCYfD9r/download?path=%2Fannotations%2FT2T00_2%2Fvariants&files=T2T00_2.small_variants.vcf.gz.tbi
T2T00_2	variants	T2T00_2.structural_variants.vcf.gz	annotations/T2T00_2/variants/T2T00_2.structural_variants.vcf.gz	7966044	7.6MB	https://cloud.imgag.de/s/oiHyaeziGCYfD9r/download?path=%2Fannotations%2FT2T00_2%2Fvariants&files=T2T00_2.structural_variants.vcf.gz
T2T00_2	variants	T2T00_2.structural_variants.vcf.gz.tbi	annotations/T2T00_2/variants/T2T00_2.structural_variants.vcf.gz.tbi	277350	270.8KB	https://cloud.imgag.de/s/oiHyaeziGCYfD9r/download?path=%2Fannotations%2FT2T00_2%2Fvariants&files=T2T00_2.structural_variants.vcf.gz.tbi
T2T01	3d_contacts	T2T01.combined.mcool	annotations/T2T01/3d_contacts/T2T01.combined.mcool	2336225608	2.2GB	https://cloud.imgag.de/s/oiHyaeziGCYfD9r/download?path=%2Fannotations%2FT2T01%2F3d_contacts&files=T2T01.combined.mcool
T2T01	3d_contacts	T2T01.hp1.mcool	annotations/T2T01/3d_contacts/T2T01.hp1.mcool	881338528	840.5MB	https://cloud.imgag.de/s/oiHyaeziGCYfD9r/download?path=%2Fannotations%2FT2T01%2F3d_contacts&files=T2T01.hp1.mcool
T2T01	3d_contacts	T2T01.hp2.mcool	annotations/T2T01/3d_contacts/T2T01.hp2.mcool	879490986	838.7MB	https://cloud.imgag.de/s/oiHyaeziGCYfD9r/download?path=%2Fannotations%2FT2T01%2F3d_contacts&files=T2T01.hp2.mcool
T2T01	assembly_issues	T2T01.assembly_issues.lifted.gff3	annotations/T2T01/assembly_issues/T2T01.assembly_issues.lifted.gff3	5092635	4.9MB	https://cloud.imgag.de/s/oiHyaeziGCYfD9r/download?path=%2Fannotations%2FT2T01%2Fassembly_issues&files=T2T01.assembly_issues.lifted.gff3
T2T01	assembly_issues	T2T01.flagger.bed	annotations/T2T01/assembly_issues/T2T01.flagger.bed	443735	433.3KB	https://cloud.imgag.de/s/oiHyaeziGCYfD9r/download?path=%2Fannotations%2FT2T01%2Fassembly_issues&files=T2T01.flagger.bed
T2T01	assembly_issues	T2T01.gaps.bed	annotations/T2T01/assembly_issues/T2T01.gaps.bed	1661	1.6KB	https://cloud.imgag.de/s/oiHyaeziGCYfD9r/download?path=%2Fannotations%2FT2T01%2Fassembly_issues&files=T2T01.gaps.bed
T2T01	assembly_issues	T2T01.nucflag_misasm.bed	annotations/T2T01/assembly_issues/T2T01.nucflag_misasm.bed	1138003	1.1MB	https://cloud.imgag.de/s/oiHyaeziGCYfD9r/download?path=%2Fannotations%2FT2T01%2Fassembly_issues&files=T2T01.nucflag_misasm.bed
T2T01	assembly_issues	T2T01.nucflag_status.bed	annotations/T2T01/assembly_issues/T2T01.nucflag_status.bed	74652	72.9KB	https://cloud.imgag.de/s/oiHyaeziGCYfD9r/download?path=%2Fannotations%2FT2T01%2Fassembly_issues&files=T2T01.nucflag_status.bed
T2T01	cenmap	T2T01.complete_cens.bed	annotations/T2T01/cenmap/T2T01.complete_cens.bed	3965	3.9KB	https://cloud.imgag.de/s/oiHyaeziGCYfD9r/download?path=%2Fannotations%2FT2T01%2Fcenmap&files=T2T01.complete_cens.bed
T2T01	cenmap	T2T01.complete_correct_cens.bed	annotations/T2T01/cenmap/T2T01.complete_correct_cens.bed	1335	1.3KB	https://cloud.imgag.de/s/oiHyaeziGCYfD9r/download?path=%2Fannotations%2FT2T01%2Fcenmap&files=T2T01.complete_correct_cens.bed
T2T01	methylation	T2T01.hp1.methyl.bed	annotations/T2T01/methylation/T2T01.hp1.methyl.bed	3124893078	2.9GB	https://cloud.imgag.de/s/oiHyaeziGCYfD9r/download?path=%2Fannotations%2FT2T01%2Fmethylation&files=T2T01.hp1.methyl.bed
T2T01	methylation	T2T01.hp2.methyl.bed	annotations/T2T01/methylation/T2T01.hp2.methyl.bed	3133718008	2.9GB	https://cloud.imgag.de/s/oiHyaeziGCYfD9r/download?path=%2Fannotations%2FT2T01%2Fmethylation&files=T2T01.hp2.methyl.bed
T2T01	repeatmasker	T2T01.filtered.bed	annotations/T2T01/repeatmasker/T2T01.filtered.bed	721189444	687.8MB	https://cloud.imgag.de/s/oiHyaeziGCYfD9r/download?path=%2Fannotations%2FT2T01%2Frepeatmasker&files=T2T01.filtered.bed
T2T01	repeatmasker	T2T01.filtered_satellites.bed	annotations/T2T01/repeatmasker/T2T01.filtered_satellites.bed	3268565	3.1MB	https://cloud.imgag.de/s/oiHyaeziGCYfD9r/download?path=%2Fannotations%2FT2T01%2Frepeatmasker&files=T2T01.filtered_satellites.bed
T2T01	repeatmasker	T2T01.repeatmasker.out	annotations/T2T01/repeatmasker/T2T01.repeatmasker.out	1838139210	1.7GB	https://cloud.imgag.de/s/oiHyaeziGCYfD9r/download?path=%2Fannotations%2FT2T01%2Frepeatmasker&files=T2T01.repeatmasker.out
T2T01	variants	T2T01.small_variants.vcf.gz	annotations/T2T01/variants/T2T01.small_variants.vcf.gz	39194103	37.4MB	https://cloud.imgag.de/s/oiHyaeziGCYfD9r/download?path=%2Fannotations%2FT2T01%2Fvariants&files=T2T01.small_variants.vcf.gz
T2T01	variants	T2T01.small_variants.vcf.gz.tbi	annotations/T2T01/variants/T2T01.small_variants.vcf.gz.tbi	1581267	1.5MB	https://cloud.imgag.de/s/oiHyaeziGCYfD9r/download?path=%2Fannotations%2FT2T01%2Fvariants&files=T2T01.small_variants.vcf.gz.tbi
T2T01	variants	T2T01.structural_variants.vcf.gz	annotations/T2T01/variants/T2T01.structural_variants.vcf.gz	7240910	6.9MB	https://cloud.imgag.de/s/oiHyaeziGCYfD9r/download?path=%2Fannotations%2FT2T01%2Fvariants&files=T2T01.structural_variants.vcf.gz
T2T01	variants	T2T01.structural_variants.vcf.gz.tbi	annotations/T2T01/variants/T2T01.structural_variants.vcf.gz.tbi	276838	270.3KB	https://cloud.imgag.de/s/oiHyaeziGCYfD9r/download?path=%2Fannotations%2FT2T01%2Fvariants&files=T2T01.structural_variants.vcf.gz.tbi
T2T02	3d_contacts	T2T02.combined.mcool	annotations/T2T02/3d_contacts/T2T02.combined.mcool	2128635336	2.0GB	https://cloud.imgag.de/s/oiHyaeziGCYfD9r/download?path=%2Fannotations%2FT2T02%2F3d_contacts&files=T2T02.combined.mcool
T2T02	3d_contacts	T2T02.hp1.mcool	annotations/T2T02/3d_contacts/T2T02.hp1.mcool	466391959	444.8MB	https://cloud.imgag.de/s/oiHyaeziGCYfD9r/download?path=%2Fannotations%2FT2T02%2F3d_contacts&files=T2T02.hp1.mcool
T2T02	3d_contacts	T2T02.hp2.mcool	annotations/T2T02/3d_contacts/T2T02.hp2.mcool	465654044	444.1MB	https://cloud.imgag.de/s/oiHyaeziGCYfD9r/download?path=%2Fannotations%2FT2T02%2F3d_contacts&files=T2T02.hp2.mcool
T2T02	assembly_issues	T2T02.assembly_issues.lifted.gff3	annotations/T2T02/assembly_issues/T2T02.assembly_issues.lifted.gff3	6690328	6.4MB	https://cloud.imgag.de/s/oiHyaeziGCYfD9r/download?path=%2Fannotations%2FT2T02%2Fassembly_issues&files=T2T02.assembly_issues.lifted.gff3
T2T02	assembly_issues	T2T02.flagger.bed	annotations/T2T02/assembly_issues/T2T02.flagger.bed	439587	429.3KB	https://cloud.imgag.de/s/oiHyaeziGCYfD9r/download?path=%2Fannotations%2FT2T02%2Fassembly_issues&files=T2T02.flagger.bed
T2T02	assembly_issues	T2T02.gaps.bed	annotations/T2T02/assembly_issues/T2T02.gaps.bed	2958	2.9KB	https://cloud.imgag.de/s/oiHyaeziGCYfD9r/download?path=%2Fannotations%2FT2T02%2Fassembly_issues&files=T2T02.gaps.bed
T2T02	assembly_issues	T2T02.nucflag_misasm.bed	annotations/T2T02/assembly_issues/T2T02.nucflag_misasm.bed	1554213	1.5MB	https://cloud.imgag.de/s/oiHyaeziGCYfD9r/download?path=%2Fannotations%2FT2T02%2Fassembly_issues&files=T2T02.nucflag_misasm.bed
T2T02	assembly_issues	T2T02.nucflag_status.bed	annotations/T2T02/assembly_issues/T2T02.nucflag_status.bed	87194	85.2KB	https://cloud.imgag.de/s/oiHyaeziGCYfD9r/download?path=%2Fannotations%2FT2T02%2Fassembly_issues&files=T2T02.nucflag_status.bed
T2T02	cenmap	T2T02.complete_cens.bed	annotations/T2T02/cenmap/T2T02.complete_cens.bed	3969	3.9KB	https://cloud.imgag.de/s/oiHyaeziGCYfD9r/download?path=%2Fannotations%2FT2T02%2Fcenmap&files=T2T02.complete_cens.bed
T2T02	cenmap	T2T02.complete_correct_cens.bed	annotations/T2T02/cenmap/T2T02.complete_correct_cens.bed	573	573B	https://cloud.imgag.de/s/oiHyaeziGCYfD9r/download?path=%2Fannotations%2FT2T02%2Fcenmap&files=T2T02.complete_correct_cens.bed
T2T02	methylation	T2T02.hp1.methyl.bed	annotations/T2T02/methylation/T2T02.hp1.methyl.bed	2993530661	2.8GB	https://cloud.imgag.de/s/oiHyaeziGCYfD9r/download?path=%2Fannotations%2FT2T02%2Fmethylation&files=T2T02.hp1.methyl.bed
T2T02	methylation	T2T02.hp2.methyl.bed	annotations/T2T02/methylation/T2T02.hp2.methyl.bed	2997565391	2.8GB	https://cloud.imgag.de/s/oiHyaeziGCYfD9r/download?path=%2Fannotations%2FT2T02%2Fmethylation&files=T2T02.hp2.methyl.bed
T2T02	repeatmasker	T2T02.filtered.bed	annotations/T2T02/repeatmasker/T2T02.filtered.bed	713894697	680.8MB	https://cloud.imgag.de/s/oiHyaeziGCYfD9r/download?path=%2Fannotations%2FT2T02%2Frepeatmasker&files=T2T02.filtered.bed
T2T02	repeatmasker	T2T02.filtered_satellites.bed	annotations/T2T02/repeatmasker/T2T02.filtered_satellites.bed	4200494	4.0MB	https://cloud.imgag.de/s/oiHyaeziGCYfD9r/download?path=%2Fannotations%2FT2T02%2Frepeatmasker&files=T2T02.filtered_satellites.bed
T2T02	repeatmasker	T2T02.repeatmasker.out	annotations/T2T02/repeatmasker/T2T02.repeatmasker.out	1814816156	1.7GB	https://cloud.imgag.de/s/oiHyaeziGCYfD9r/download?path=%2Fannotations%2FT2T02%2Frepeatmasker&files=T2T02.repeatmasker.out
T2T02	variants	T2T02.small_variants.vcf.gz	annotations/T2T02/variants/T2T02.small_variants.vcf.gz	38511635	36.7MB	https://cloud.imgag.de/s/oiHyaeziGCYfD9r/download?path=%2Fannotations%2FT2T02%2Fvariants&files=T2T02.small_variants.vcf.gz
T2T02	variants	T2T02.small_variants.vcf.gz.tbi	annotations/T2T02/variants/T2T02.small_variants.vcf.gz.tbi	1575123	1.5MB	https://cloud.imgag.de/s/oiHyaeziGCYfD9r/download?path=%2Fannotations%2FT2T02%2Fvariants&files=T2T02.small_variants.vcf.gz.tbi
T2T02	variants	T2T02.structural_variants.vcf.gz	annotations/T2T02/variants/T2T02.structural_variants.vcf.gz	7530939	7.2MB	https://cloud.imgag.de/s/oiHyaeziGCYfD9r/download?path=%2Fannotations%2FT2T02%2Fvariants&files=T2T02.structural_variants.vcf.gz
T2T02	variants	T2T02.structural_variants.vcf.gz.tbi	annotations/T2T02/variants/T2T02.structural_variants.vcf.gz.tbi	276470	270.0KB	https://cloud.imgag.de/s/oiHyaeziGCYfD9r/download?path=%2Fannotations%2FT2T02%2Fvariants&files=T2T02.structural_variants.vcf.gz.tbi
T2T03	3d_contacts	T2T03.combined.mcool	annotations/T2T03/3d_contacts/T2T03.combined.mcool	2301673089	2.1GB	https://cloud.imgag.de/s/oiHyaeziGCYfD9r/download?path=%2Fannotations%2FT2T03%2F3d_contacts&files=T2T03.combined.mcool
T2T03	3d_contacts	T2T03.hp1.mcool	annotations/T2T03/3d_contacts/T2T03.hp1.mcool	1019008603	971.8MB	https://cloud.imgag.de/s/oiHyaeziGCYfD9r/download?path=%2Fannotations%2FT2T03%2F3d_contacts&files=T2T03.hp1.mcool
T2T03	3d_contacts	T2T03.hp2.mcool	annotations/T2T03/3d_contacts/T2T03.hp2.mcool	1016643634	969.5MB	https://cloud.imgag.de/s/oiHyaeziGCYfD9r/download?path=%2Fannotations%2FT2T03%2F3d_contacts&files=T2T03.hp2.mcool
T2T03	assembly_issues	T2T03.assembly_issues.lifted.gff3	annotations/T2T03/assembly_issues/T2T03.assembly_issues.lifted.gff3	1530834	1.5MB	https://cloud.imgag.de/s/oiHyaeziGCYfD9r/download?path=%2Fannotations%2FT2T03%2Fassembly_issues&files=T2T03.assembly_issues.lifted.gff3
T2T03	assembly_issues	T2T03.flagger.bed	annotations/T2T03/assembly_issues/T2T03.flagger.bed	323986	316.4KB	https://cloud.imgag.de/s/oiHyaeziGCYfD9r/download?path=%2Fannotations%2FT2T03%2Fassembly_issues&files=T2T03.flagger.bed
T2T03	assembly_issues	T2T03.gaps.bed	annotations/T2T03/assembly_issues/T2T03.gaps.bed	928	928B	https://cloud.imgag.de/s/oiHyaeziGCYfD9r/download?path=%2Fannotations%2FT2T03%2Fassembly_issues&files=T2T03.gaps.bed
T2T03	assembly_issues	T2T03.nucflag_misasm.bed	annotations/T2T03/assembly_issues/T2T03.nucflag_misasm.bed	321668	314.1KB	https://cloud.imgag.de/s/oiHyaeziGCYfD9r/download?path=%2Fannotations%2FT2T03%2Fassembly_issues&files=T2T03.nucflag_misasm.bed
T2T03	assembly_issues	T2T03.nucflag_status.bed	annotations/T2T03/assembly_issues/T2T03.nucflag_status.bed	71055	69.4KB	https://cloud.imgag.de/s/oiHyaeziGCYfD9r/download?path=%2Fannotations%2FT2T03%2Fassembly_issues&files=T2T03.nucflag_status.bed
T2T03	cenmap	T2T03.complete_cens.bed	annotations/T2T03/cenmap/T2T03.complete_cens.bed	4028	3.9KB	https://cloud.imgag.de/s/oiHyaeziGCYfD9r/download?path=%2Fannotations%2FT2T03%2Fcenmap&files=T2T03.complete_cens.bed
T2T03	cenmap	T2T03.complete_correct_cens.bed	annotations/T2T03/cenmap/T2T03.complete_correct_cens.bed	1956	1.9KB	https://cloud.imgag.de/s/oiHyaeziGCYfD9r/download?path=%2Fannotations%2FT2T03%2Fcenmap&files=T2T03.complete_correct_cens.bed
T2T03	methylation	T2T03.hp1.methyl.bed	annotations/T2T03/methylation/T2T03.hp1.methyl.bed	2084260357	1.9GB	https://cloud.imgag.de/s/oiHyaeziGCYfD9r/download?path=%2Fannotations%2FT2T03%2Fmethylation&files=T2T03.hp1.methyl.bed
T2T03	methylation	T2T03.hp2.methyl.bed	annotations/T2T03/methylation/T2T03.hp2.methyl.bed	2073668029	1.9GB	https://cloud.imgag.de/s/oiHyaeziGCYfD9r/download?path=%2Fannotations%2FT2T03%2Fmethylation&files=T2T03.hp2.methyl.bed
T2T03	repeatmasker	T2T03.filtered.bed	annotations/T2T03/repeatmasker/T2T03.filtered.bed	726677132	693.0MB	https://cloud.imgag.de/s/oiHyaeziGCYfD9r/download?path=%2Fannotations%2FT2T03%2Frepeatmasker&files=T2T03.filtered.bed
T2T03	repeatmasker	T2T03.filtered_satellites.bed	annotations/T2T03/repeatmasker/T2T03.filtered_satellites.bed	3662105	3.5MB	https://cloud.imgag.de/s/oiHyaeziGCYfD9r/download?path=%2Fannotations%2FT2T03%2Frepeatmasker&files=T2T03.filtered_satellites.bed
T2T03	repeatmasker	T2T03.repeatmasker.out	annotations/T2T03/repeatmasker/T2T03.repeatmasker.out	1848817750	1.7GB	https://cloud.imgag.de/s/oiHyaeziGCYfD9r/download?path=%2Fannotations%2FT2T03%2Frepeatmasker&files=T2T03.repeatmasker.out
T2T03	variants	T2T03.small_variants.vcf.gz	annotations/T2T03/variants/T2T03.small_variants.vcf.gz	38819829	37.0MB	https://cloud.imgag.de/s/oiHyaeziGCYfD9r/download?path=%2Fannotations%2FT2T03%2Fvariants&files=T2T03.small_variants.vcf.gz
T2T03	variants	T2T03.small_variants.vcf.gz.tbi	annotations/T2T03/variants/T2T03.small_variants.vcf.gz.tbi	1578080	1.5MB	https://cloud.imgag.de/s/oiHyaeziGCYfD9r/download?path=%2Fannotations%2FT2T03%2Fvariants&files=T2T03.small_variants.vcf.gz.tbi
T2T03	variants	T2T03.structural_variants.vcf.gz	annotations/T2T03/variants/T2T03.structural_variants.vcf.gz	7314665	7.0MB	https://cloud.imgag.de/s/oiHyaeziGCYfD9r/download?path=%2Fannotations%2FT2T03%2Fvariants&files=T2T03.structural_variants.vcf.gz
T2T03	variants	T2T03.structural_variants.vcf.gz.tbi	annotations/T2T03/variants/T2T03.structural_variants.vcf.gz.tbi	280773	274.2KB	https://cloud.imgag.de/s/oiHyaeziGCYfD9r/download?path=%2Fannotations%2FT2T03%2Fvariants&files=T2T03.structural_variants.vcf.gz.tbi
T2T04	3d_contacts	T2T04.combined.mcool	annotations/T2T04/3d_contacts/T2T04.combined.mcool	4210620850	3.9GB	https://cloud.imgag.de/s/oiHyaeziGCYfD9r/download?path=%2Fannotations%2FT2T04%2F3d_contacts&files=T2T04.combined.mcool
T2T04	3d_contacts	T2T04.hp1.mcool	annotations/T2T04/3d_contacts/T2T04.hp1.mcool	1861346195	1.7GB	https://cloud.imgag.de/s/oiHyaeziGCYfD9r/download?path=%2Fannotations%2FT2T04%2F3d_contacts&files=T2T04.hp1.mcool
T2T04	3d_contacts	T2T04.hp2.mcool	annotations/T2T04/3d_contacts/T2T04.hp2.mcool	1856095052	1.7GB	https://cloud.imgag.de/s/oiHyaeziGCYfD9r/download?path=%2Fannotations%2FT2T04%2F3d_contacts&files=T2T04.hp2.mcool
T2T04	assembly_issues	T2T04.assembly_issues.lifted.gff3	annotations/T2T04/assembly_issues/T2T04.assembly_issues.lifted.gff3	7311364	7.0MB	https://cloud.imgag.de/s/oiHyaeziGCYfD9r/download?path=%2Fannotations%2FT2T04%2Fassembly_issues&files=T2T04.assembly_issues.lifted.gff3
T2T04	assembly_issues	T2T04.flagger.bed	annotations/T2T04/assembly_issues/T2T04.flagger.bed	391509	382.3KB	https://cloud.imgag.de/s/oiHyaeziGCYfD9r/download?path=%2Fannotations%2FT2T04%2Fassembly_issues&files=T2T04.flagger.bed
T2T04	assembly_issues	T2T04.gaps.bed	annotations/T2T04/assembly_issues/T2T04.gaps.bed	2406	2.3KB	https://cloud.imgag.de/s/oiHyaeziGCYfD9r/download?path=%2Fannotations%2FT2T04%2Fassembly_issues&files=T2T04.gaps.bed
T2T04	assembly_issues	T2T04.nucflag_misasm.bed	annotations/T2T04/assembly_issues/T2T04.nucflag_misasm.bed	1753521	1.7MB	https://cloud.imgag.de/s/oiHyaeziGCYfD9r/download?path=%2Fannotations%2FT2T04%2Fassembly_issues&files=T2T04.nucflag_misasm.bed
T2T04	assembly_issues	T2T04.nucflag_status.bed	annotations/T2T04/assembly_issues/T2T04.nucflag_status.bed	80048	78.2KB	https://cloud.imgag.de/s/oiHyaeziGCYfD9r/download?path=%2Fannotations%2FT2T04%2Fassembly_issues&files=T2T04.nucflag_status.bed
T2T04	cenmap	T2T04.complete_cens.bed	annotations/T2T04/cenmap/T2T04.complete_cens.bed	4159	4.1KB	https://cloud.imgag.de/s/oiHyaeziGCYfD9r/download?path=%2Fannotations%2FT2T04%2Fcenmap&files=T2T04.complete_cens.bed
T2T04	cenmap	T2T04.complete_correct_cens.bed	annotations/T2T04/cenmap/T2T04.complete_correct_cens.bed	489	489B	https://cloud.imgag.de/s/oiHyaeziGCYfD9r/download?path=%2Fannotations%2FT2T04%2Fcenmap&files=T2T04.complete_correct_cens.bed
T2T04	methylation	T2T04.hp1.methyl.bed	annotations/T2T04/methylation/T2T04.hp1.methyl.bed	4337647784	4.0GB	https://cloud.imgag.de/s/oiHyaeziGCYfD9r/download?path=%2Fannotations%2FT2T04%2Fmethylation&files=T2T04.hp1.methyl.bed
T2T04	methylation	T2T04.hp2.methyl.bed	annotations/T2T04/methylation/T2T04.hp2.methyl.bed	4288971382	4.0GB	https://cloud.imgag.de/s/oiHyaeziGCYfD9r/download?path=%2Fannotations%2FT2T04%2Fmethylation&files=T2T04.hp2.methyl.bed
T2T04	repeatmasker	T2T04.filtered.bed	annotations/T2T04/repeatmasker/T2T04.filtered.bed	715488864	682.3MB	https://cloud.imgag.de/s/oiHyaeziGCYfD9r/download?path=%2Fannotations%2FT2T04%2Frepeatmasker&files=T2T04.filtered.bed
T2T04	repeatmasker	T2T04.filtered_satellites.bed	annotations/T2T04/repeatmasker/T2T04.filtered_satellites.bed	4361684	4.2MB	https://cloud.imgag.de/s/oiHyaeziGCYfD9r/download?path=%2Fannotations%2FT2T04%2Frepeatmasker&files=T2T04.filtered_satellites.bed
T2T04	repeatmasker	T2T04.repeatmasker.out	annotations/T2T04/repeatmasker/T2T04.repeatmasker.out	1818343799	1.7GB	https://cloud.imgag.de/s/oiHyaeziGCYfD9r/download?path=%2Fannotations%2FT2T04%2Frepeatmasker&files=T2T04.repeatmasker.out
T2T04	variants	T2T04.small_variants.vcf.gz	annotations/T2T04/variants/T2T04.small_variants.vcf.gz	38224969	36.5MB	https://cloud.imgag.de/s/oiHyaeziGCYfD9r/download?path=%2Fannotations%2FT2T04%2Fvariants&files=T2T04.small_variants.vcf.gz
T2T04	variants	T2T04.small_variants.vcf.gz.tbi	annotations/T2T04/variants/T2T04.small_variants.vcf.gz.tbi	1574563	1.5MB	https://cloud.imgag.de/s/oiHyaeziGCYfD9r/download?path=%2Fannotations%2FT2T04%2Fvariants&files=T2T04.small_variants.vcf.gz.tbi
T2T04	variants	T2T04.structural_variants.vcf.gz	annotations/T2T04/variants/T2T04.structural_variants.vcf.gz	7350893	7.0MB	https://cloud.imgag.de/s/oiHyaeziGCYfD9r/download?path=%2Fannotations%2FT2T04%2Fvariants&files=T2T04.structural_variants.vcf.gz
T2T04	variants	T2T04.structural_variants.vcf.gz.tbi	annotations/T2T04/variants/T2T04.structural_variants.vcf.gz.tbi	281297	274.7KB	https://cloud.imgag.de/s/oiHyaeziGCYfD9r/download?path=%2Fannotations%2FT2T04%2Fvariants&files=T2T04.structural_variants.vcf.gz.tbi
T2T04_1	3d_contacts	T2T04_1.combined.mcool	annotations/T2T04_1/3d_contacts/T2T04_1.combined.mcool	1938654258	1.8GB	https://cloud.imgag.de/s/oiHyaeziGCYfD9r/download?path=%2Fannotations%2FT2T04_1%2F3d_contacts&files=T2T04_1.combined.mcool
T2T04_1	3d_contacts	T2T04_1.hp1.mcool	annotations/T2T04_1/3d_contacts/T2T04_1.hp1.mcool	1107523554	1.0GB	https://cloud.imgag.de/s/oiHyaeziGCYfD9r/download?path=%2Fannotations%2FT2T04_1%2F3d_contacts&files=T2T04_1.hp1.mcool
T2T04_1	3d_contacts	T2T04_1.hp2.mcool	annotations/T2T04_1/3d_contacts/T2T04_1.hp2.mcool	1104752977	1.0GB	https://cloud.imgag.de/s/oiHyaeziGCYfD9r/download?path=%2Fannotations%2FT2T04_1%2F3d_contacts&files=T2T04_1.hp2.mcool
T2T04_1	assembly_issues	T2T04_1.assembly_issues.lifted.gff3	annotations/T2T04_1/assembly_issues/T2T04_1.assembly_issues.lifted.gff3	7298643	7.0MB	https://cloud.imgag.de/s/oiHyaeziGCYfD9r/download?path=%2Fannotations%2FT2T04_1%2Fassembly_issues&files=T2T04_1.assembly_issues.lifted.gff3
T2T04_1	assembly_issues	T2T04_1.flagger.bed	annotations/T2T04_1/assembly_issues/T2T04_1.flagger.bed	455475	444.8KB	https://cloud.imgag.de/s/oiHyaeziGCYfD9r/download?path=%2Fannotations%2FT2T04_1%2Fassembly_issues&files=T2T04_1.flagger.bed
T2T04_1	assembly_issues	T2T04_1.gaps.bed	annotations/T2T04_1/assembly_issues/T2T04_1.gaps.bed	4262	4.2KB	https://cloud.imgag.de/s/oiHyaeziGCYfD9r/download?path=%2Fannotations%2FT2T04_1%2Fassembly_issues&files=T2T04_1.gaps.bed
T2T04_1	assembly_issues	T2T04_1.nucflag_misasm.bed	annotations/T2T04_1/assembly_issues/T2T04_1.nucflag_misasm.bed	1714903	1.6MB	https://cloud.imgag.de/s/oiHyaeziGCYfD9r/download?path=%2Fannotations%2FT2T04_1%2Fassembly_issues&files=T2T04_1.nucflag_misasm.bed
T2T04_1	assembly_issues	T2T04_1.nucflag_status.bed	annotations/T2T04_1/assembly_issues/T2T04_1.nucflag_status.bed	83534	81.6KB	https://cloud.imgag.de/s/oiHyaeziGCYfD9r/download?path=%2Fannotations%2FT2T04_1%2Fassembly_issues&files=T2T04_1.nucflag_status.bed
T2T04_1	cenmap	T2T04_1.complete_cens.bed	annotations/T2T04_1/cenmap/T2T04_1.complete_cens.bed	4175	4.1KB	https://cloud.imgag.de/s/oiHyaeziGCYfD9r/download?path=%2Fannotations%2FT2T04_1%2Fcenmap&files=T2T04_1.complete_cens.bed
T2T04_1	cenmap	T2T04_1.complete_correct_cens.bed	annotations/T2T04_1/cenmap/T2T04_1.complete_correct_cens.bed	495	495B	https://cloud.imgag.de/s/oiHyaeziGCYfD9r/download?path=%2Fannotations%2FT2T04_1%2Fcenmap&files=T2T04_1.complete_correct_cens.bed
T2T04_1	methylation	T2T04_1.hp1.methyl.bed	annotations/T2T04_1/methylation/T2T04_1.hp1.methyl.bed	2726068074	2.5GB	https://cloud.imgag.de/s/oiHyaeziGCYfD9r/download?path=%2Fannotations%2FT2T04_1%2Fmethylation&files=T2T04_1.hp1.methyl.bed
T2T04_1	methylation	T2T04_1.hp2.methyl.bed	annotations/T2T04_1/methylation/T2T04_1.hp2.methyl.bed	2725219228	2.5GB	https://cloud.imgag.de/s/oiHyaeziGCYfD9r/download?path=%2Fannotations%2FT2T04_1%2Fmethylation&files=T2T04_1.hp2.methyl.bed
T2T04_1	repeatmasker	T2T04_1.filtered.bed	annotations/T2T04_1/repeatmasker/T2T04_1.filtered.bed	713533903	680.5MB	https://cloud.imgag.de/s/oiHyaeziGCYfD9r/download?path=%2Fannotations%2FT2T04_1%2Frepeatmasker&files=T2T04_1.filtered.bed
T2T04_1	repeatmasker	T2T04_1.filtered_satellites.bed	annotations/T2T04_1/repeatmasker/T2T04_1.filtered_satellites.bed	4486044	4.3MB	https://cloud.imgag.de/s/oiHyaeziGCYfD9r/download?path=%2Fannotations%2FT2T04_1%2Frepeatmasker&files=T2T04_1.filtered_satellites.bed
T2T04_1	repeatmasker	T2T04_1.repeatmasker.out	annotations/T2T04_1/repeatmasker/T2T04_1.repeatmasker.out	1814353824	1.7GB	https://cloud.imgag.de/s/oiHyaeziGCYfD9r/download?path=%2Fannotations%2FT2T04_1%2Frepeatmasker&files=T2T04_1.repeatmasker.out
T2T04_1	variants	T2T04_1.small_variants.vcf.gz	annotations/T2T04_1/variants/T2T04_1.small_variants.vcf.gz	38347980	36.6MB	https://cloud.imgag.de/s/oiHyaeziGCYfD9r/download?path=%2Fannotations%2FT2T04_1%2Fvariants&files=T2T04_1.small_variants.vcf.gz
T2T04_1	variants	T2T04_1.small_variants.vcf.gz.tbi	annotations/T2T04_1/variants/T2T04_1.small_variants.vcf.gz.tbi	1576584	1.5MB	https://cloud.imgag.de/s/oiHyaeziGCYfD9r/download?path=%2Fannotations%2FT2T04_1%2Fvariants&files=T2T04_1.small_variants.vcf.gz.tbi
T2T04_1	variants	T2T04_1.structural_variants.vcf.gz	annotations/T2T04_1/variants/T2T04_1.structural_variants.vcf.gz	7709432	7.4MB	https://cloud.imgag.de/s/oiHyaeziGCYfD9r/download?path=%2Fannotations%2FT2T04_1%2Fvariants&files=T2T04_1.structural_variants.vcf.gz
T2T04_1	variants	T2T04_1.structural_variants.vcf.gz.tbi	annotations/T2T04_1/variants/T2T04_1.structural_variants.vcf.gz.tbi	283505	276.9KB	https://cloud.imgag.de/s/oiHyaeziGCYfD9r/download?path=%2Fannotations%2FT2T04_1%2Fvariants&files=T2T04_1.structural_variants.vcf.gz.tbi
T2T04_2	3d_contacts	T2T04_2.combined.mcool	annotations/T2T04_2/3d_contacts/T2T04_2.combined.mcool	2363514498	2.2GB	https://cloud.imgag.de/s/oiHyaeziGCYfD9r/download?path=%2Fannotations%2FT2T04_2%2F3d_contacts&files=T2T04_2.combined.mcool
T2T04_2	3d_contacts	T2T04_2.hp1.mcool	annotations/T2T04_2/3d_contacts/T2T04_2.hp1.mcool	1002279468	955.8MB	https://cloud.imgag.de/s/oiHyaeziGCYfD9r/download?path=%2Fannotations%2FT2T04_2%2F3d_contacts&files=T2T04_2.hp1.mcool
T2T04_2	3d_contacts	T2T04_2.hp2.mcool	annotations/T2T04_2/3d_contacts/T2T04_2.hp2.mcool	1004643444	958.1MB	https://cloud.imgag.de/s/oiHyaeziGCYfD9r/download?path=%2Fannotations%2FT2T04_2%2F3d_contacts&files=T2T04_2.hp2.mcool
T2T04_2	assembly_issues	T2T04_2.assembly_issues.lifted.gff3	annotations/T2T04_2/assembly_issues/T2T04_2.assembly_issues.lifted.gff3	9039411	8.6MB	https://cloud.imgag.de/s/oiHyaeziGCYfD9r/download?path=%2Fannotations%2FT2T04_2%2Fassembly_issues&files=T2T04_2.assembly_issues.lifted.gff3
T2T04_2	assembly_issues	T2T04_2.flagger.bed	annotations/T2T04_2/assembly_issues/T2T04_2.flagger.bed	544213	531.5KB	https://cloud.imgag.de/s/oiHyaeziGCYfD9r/download?path=%2Fannotations%2FT2T04_2%2Fassembly_issues&files=T2T04_2.flagger.bed
T2T04_2	assembly_issues	T2T04_2.gaps.bed	annotations/T2T04_2/assembly_issues/T2T04_2.gaps.bed	5623	5.5KB	https://cloud.imgag.de/s/oiHyaeziGCYfD9r/download?path=%2Fannotations%2FT2T04_2%2Fassembly_issues&files=T2T04_2.gaps.bed
T2T04_2	assembly_issues	T2T04_2.nucflag_misasm.bed	annotations/T2T04_2/assembly_issues/T2T04_2.nucflag_misasm.bed	2099230	2.0MB	https://cloud.imgag.de/s/oiHyaeziGCYfD9r/download?path=%2Fannotations%2FT2T04_2%2Fassembly_issues&files=T2T04_2.nucflag_misasm.bed
T2T04_2	assembly_issues	T2T04_2.nucflag_status.bed	annotations/T2T04_2/assembly_issues/T2T04_2.nucflag_status.bed	100308	98.0KB	https://cloud.imgag.de/s/oiHyaeziGCYfD9r/download?path=%2Fannotations%2FT2T04_2%2Fassembly_issues&files=T2T04_2.nucflag_status.bed
T2T04_2	cenmap	T2T04_2.complete_cens.bed	annotations/T2T04_2/cenmap/T2T04_2.complete_cens.bed	4582	4.5KB	https://cloud.imgag.de/s/oiHyaeziGCYfD9r/download?path=%2Fannotations%2FT2T04_2%2Fcenmap&files=T2T04_2.complete_cens.bed
T2T04_2	cenmap	T2T04_2.complete_correct_cens.bed	annotations/T2T04_2/cenmap/T2T04_2.complete_correct_cens.bed	204	204B	https://cloud.imgag.de/s/oiHyaeziGCYfD9r/download?path=%2Fannotations%2FT2T04_2%2Fcenmap&files=T2T04_2.complete_correct_cens.bed
T2T04_2	methylation	T2T04_2.hp1.methyl.bed	annotations/T2T04_2/methylation/T2T04_2.hp1.methyl.bed	2631691061	2.5GB	https://cloud.imgag.de/s/oiHyaeziGCYfD9r/download?path=%2Fannotations%2FT2T04_2%2Fmethylation&files=T2T04_2.hp1.methyl.bed
T2T04_2	methylation	T2T04_2.hp2.methyl.bed	annotations/T2T04_2/methylation/T2T04_2.hp2.methyl.bed	2633613564	2.5GB	https://cloud.imgag.de/s/oiHyaeziGCYfD9r/download?path=%2Fannotations%2FT2T04_2%2Fmethylation&files=T2T04_2.hp2.methyl.bed
T2T04_2	repeatmasker	T2T04_2.filtered.bed	annotations/T2T04_2/repeatmasker/T2T04_2.filtered.bed	730255835	696.4MB	https://cloud.imgag.de/s/oiHyaeziGCYfD9r/download?path=%2Fannotations%2FT2T04_2%2Frepeatmasker&files=T2T04_2.filtered.bed
T2T04_2	repeatmasker	T2T04_2.filtered_satellites.bed	annotations/T2T04_2/repeatmasker/T2T04_2.filtered_satellites.bed	3881566	3.7MB	https://cloud.imgag.de/s/oiHyaeziGCYfD9r/download?path=%2Fannotations%2FT2T04_2%2Frepeatmasker&files=T2T04_2.filtered_satellites.bed
T2T04_2	repeatmasker	T2T04_2.repeatmasker.out	annotations/T2T04_2/repeatmasker/T2T04_2.repeatmasker.out	1852820425	1.7GB	https://cloud.imgag.de/s/oiHyaeziGCYfD9r/download?path=%2Fannotations%2FT2T04_2%2Frepeatmasker&files=T2T04_2.repeatmasker.out
T2T04_2	variants	T2T04_2.small_variants.vcf.gz	annotations/T2T04_2/variants/T2T04_2.small_variants.vcf.gz	39032451	37.2MB	https://cloud.imgag.de/s/oiHyaeziGCYfD9r/download?path=%2Fannotations%2FT2T04_2%2Fvariants&files=T2T04_2.small_variants.vcf.gz
T2T04_2	variants	T2T04_2.small_variants.vcf.gz.tbi	annotations/T2T04_2/variants/T2T04_2.small_variants.vcf.gz.tbi	1577610	1.5MB	https://cloud.imgag.de/s/oiHyaeziGCYfD9r/download?path=%2Fannotations%2FT2T04_2%2Fvariants&files=T2T04_2.small_variants.vcf.gz.tbi
T2T04_2	variants	T2T04_2.structural_variants.vcf.gz	annotations/T2T04_2/variants/T2T04_2.structural_variants.vcf.gz	7402266	7.1MB	https://cloud.imgag.de/s/oiHyaeziGCYfD9r/download?path=%2Fannotations%2FT2T04_2%2Fvariants&files=T2T04_2.structural_variants.vcf.gz
T2T04_2	variants	T2T04_2.structural_variants.vcf.gz.tbi	annotations/T2T04_2/variants/T2T04_2.structural_variants.vcf.gz.tbi	274474	268.0KB	https://cloud.imgag.de/s/oiHyaeziGCYfD9r/download?path=%2Fannotations%2FT2T04_2%2Fvariants&files=T2T04_2.structural_variants.vcf.gz.tbi
T2T05	3d_contacts	T2T05.combined.mcool	annotations/T2T05/3d_contacts/T2T05.combined.mcool	2364336342	2.2GB	https://cloud.imgag.de/s/oiHyaeziGCYfD9r/download?path=%2Fannotations%2FT2T05%2F3d_contacts&files=T2T05.combined.mcool
T2T05	3d_contacts	T2T05.hp1.mcool	annotations/T2T05/3d_contacts/T2T05.hp1.mcool	859187059	819.4MB	https://cloud.imgag.de/s/oiHyaeziGCYfD9r/download?path=%2Fannotations%2FT2T05%2F3d_contacts&files=T2T05.hp1.mcool
T2T05	3d_contacts	T2T05.hp2.mcool	annotations/T2T05/3d_contacts/T2T05.hp2.mcool	860576558	820.7MB	https://cloud.imgag.de/s/oiHyaeziGCYfD9r/download?path=%2Fannotations%2FT2T05%2F3d_contacts&files=T2T05.hp2.mcool
T2T05	assembly_issues	T2T05.assembly_issues.lifted.gff3	annotations/T2T05/assembly_issues/T2T05.assembly_issues.lifted.gff3	1125427	1.1MB	https://cloud.imgag.de/s/oiHyaeziGCYfD9r/download?path=%2Fannotations%2FT2T05%2Fassembly_issues&files=T2T05.assembly_issues.lifted.gff3
T2T05	assembly_issues	T2T05.flagger.bed	annotations/T2T05/assembly_issues/T2T05.flagger.bed	363851	355.3KB	https://cloud.imgag.de/s/oiHyaeziGCYfD9r/download?path=%2Fannotations%2FT2T05%2Fassembly_issues&files=T2T05.flagger.bed
T2T05	assembly_issues	T2T05.gaps.bed	annotations/T2T05/assembly_issues/T2T05.gaps.bed	1095	1.1KB	https://cloud.imgag.de/s/oiHyaeziGCYfD9r/download?path=%2Fannotations%2FT2T05%2Fassembly_issues&files=T2T05.gaps.bed
T2T05	assembly_issues	T2T05.nucflag_misasm.bed	annotations/T2T05/assembly_issues/T2T05.nucflag_misasm.bed	188070	183.7KB	https://cloud.imgag.de/s/oiHyaeziGCYfD9r/download?path=%2Fannotations%2FT2T05%2Fassembly_issues&files=T2T05.nucflag_misasm.bed
T2T05	assembly_issues	T2T05.nucflag_status.bed	annotations/T2T05/assembly_issues/T2T05.nucflag_status.bed	73375	71.7KB	https://cloud.imgag.de/s/oiHyaeziGCYfD9r/download?path=%2Fannotations%2FT2T05%2Fassembly_issues&files=T2T05.nucflag_status.bed
T2T05	cenmap	T2T05.complete_cens.bed	annotations/T2T05/cenmap/T2T05.complete_cens.bed	3893	3.8KB	https://cloud.imgag.de/s/oiHyaeziGCYfD9r/download?path=%2Fannotations%2FT2T05%2Fcenmap&files=T2T05.complete_cens.bed
T2T05	cenmap	T2T05.complete_correct_cens.bed	annotations/T2T05/cenmap/T2T05.complete_correct_cens.bed	2776	2.7KB	https://cloud.imgag.de/s/oiHyaeziGCYfD9r/download?path=%2Fannotations%2FT2T05%2Fcenmap&files=T2T05.complete_correct_cens.bed
T2T05	methylation	T2T05.hp1.methyl.bed	annotations/T2T05/methylation/T2T05.hp1.methyl.bed	3795187861	3.5GB	https://cloud.imgag.de/s/oiHyaeziGCYfD9r/download?path=%2Fannotations%2FT2T05%2Fmethylation&files=T2T05.hp1.methyl.bed
T2T05	methylation	T2T05.hp2.methyl.bed	annotations/T2T05/methylation/T2T05.hp2.methyl.bed	3796556276	3.5GB	https://cloud.imgag.de/s/oiHyaeziGCYfD9r/download?path=%2Fannotations%2FT2T05%2Fmethylation&files=T2T05.hp2.methyl.bed
T2T05	repeatmasker	T2T05.filtered.bed	annotations/T2T05/repeatmasker/T2T05.filtered.bed	713633990	680.6MB	https://cloud.imgag.de/s/oiHyaeziGCYfD9r/download?path=%2Fannotations%2FT2T05%2Frepeatmasker&files=T2T05.filtered.bed
T2T05	repeatmasker	T2T05.filtered_satellites.bed	annotations/T2T05/repeatmasker/T2T05.filtered_satellites.bed	4519795	4.3MB	https://cloud.imgag.de/s/oiHyaeziGCYfD9r/download?path=%2Fannotations%2FT2T05%2Frepeatmasker&files=T2T05.filtered_satellites.bed
T2T05	repeatmasker	T2T05.repeatmasker.out	annotations/T2T05/repeatmasker/T2T05.repeatmasker.out	1812888455	1.7GB	https://cloud.imgag.de/s/oiHyaeziGCYfD9r/download?path=%2Fannotations%2FT2T05%2Frepeatmasker&files=T2T05.repeatmasker.out
T2T05	variants	T2T05.small_variants.vcf.gz	annotations/T2T05/variants/T2T05.small_variants.vcf.gz	38090527	36.3MB	https://cloud.imgag.de/s/oiHyaeziGCYfD9r/download?path=%2Fannotations%2FT2T05%2Fvariants&files=T2T05.small_variants.vcf.gz
T2T05	variants	T2T05.small_variants.vcf.gz.tbi	annotations/T2T05/variants/T2T05.small_variants.vcf.gz.tbi	1573002	1.5MB	https://cloud.imgag.de/s/oiHyaeziGCYfD9r/download?path=%2Fannotations%2FT2T05%2Fvariants&files=T2T05.small_variants.vcf.gz.tbi
T2T05	variants	T2T05.structural_variants.vcf.gz	annotations/T2T05/variants/T2T05.structural_variants.vcf.gz	7403858	7.1MB	https://cloud.imgag.de/s/oiHyaeziGCYfD9r/download?path=%2Fannotations%2FT2T05%2Fvariants&files=T2T05.structural_variants.vcf.gz
T2T05	variants	T2T05.structural_variants.vcf.gz.tbi	annotations/T2T05/variants/T2T05.structural_variants.vcf.gz.tbi	278607	272.1KB	https://cloud.imgag.de/s/oiHyaeziGCYfD9r/download?path=%2Fannotations%2FT2T05%2Fvariants&files=T2T05.structural_variants.vcf.gz.tbi
T2T06	3d_contacts	T2T06.combined.mcool	annotations/T2T06/3d_contacts/T2T06.combined.mcool	1418867050	1.3GB	https://cloud.imgag.de/s/oiHyaeziGCYfD9r/download?path=%2Fannotations%2FT2T06%2F3d_contacts&files=T2T06.combined.mcool
T2T06	3d_contacts	T2T06.hp1.mcool	annotations/T2T06/3d_contacts/T2T06.hp1.mcool	93588116	89.3MB	https://cloud.imgag.de/s/oiHyaeziGCYfD9r/download?path=%2Fannotations%2FT2T06%2F3d_contacts&files=T2T06.hp1.mcool
T2T06	3d_contacts	T2T06.hp2.mcool	annotations/T2T06/3d_contacts/T2T06.hp2.mcool	93408953	89.1MB	https://cloud.imgag.de/s/oiHyaeziGCYfD9r/download?path=%2Fannotations%2FT2T06%2F3d_contacts&files=T2T06.hp2.mcool
T2T06	assembly_issues	T2T06.assembly_issues.lifted.gff3	annotations/T2T06/assembly_issues/T2T06.assembly_issues.lifted.gff3	1839577	1.8MB	https://cloud.imgag.de/s/oiHyaeziGCYfD9r/download?path=%2Fannotations%2FT2T06%2Fassembly_issues&files=T2T06.assembly_issues.lifted.gff3
T2T06	assembly_issues	T2T06.flagger.bed	annotations/T2T06/assembly_issues/T2T06.flagger.bed	436476	426.2KB	https://cloud.imgag.de/s/oiHyaeziGCYfD9r/download?path=%2Fannotations%2FT2T06%2Fassembly_issues&files=T2T06.flagger.bed
T2T06	assembly_issues	T2T06.gaps.bed	annotations/T2T06/assembly_issues/T2T06.gaps.bed	1567	1.5KB	https://cloud.imgag.de/s/oiHyaeziGCYfD9r/download?path=%2Fannotations%2FT2T06%2Fassembly_issues&files=T2T06.gaps.bed
T2T06	assembly_issues	T2T06.nucflag_misasm.bed	annotations/T2T06/assembly_issues/T2T06.nucflag_misasm.bed	340462	332.5KB	https://cloud.imgag.de/s/oiHyaeziGCYfD9r/download?path=%2Fannotations%2FT2T06%2Fassembly_issues&files=T2T06.nucflag_misasm.bed
T2T06	assembly_issues	T2T06.nucflag_status.bed	annotations/T2T06/assembly_issues/T2T06.nucflag_status.bed	84654	82.7KB	https://cloud.imgag.de/s/oiHyaeziGCYfD9r/download?path=%2Fannotations%2FT2T06%2Fassembly_issues&files=T2T06.nucflag_status.bed
T2T06	cenmap	T2T06.complete_cens.bed	annotations/T2T06/cenmap/T2T06.complete_cens.bed	4062	4.0KB	https://cloud.imgag.de/s/oiHyaeziGCYfD9r/download?path=%2Fannotations%2FT2T06%2Fcenmap&files=T2T06.complete_cens.bed
T2T06	cenmap	T2T06.complete_correct_cens.bed	annotations/T2T06/cenmap/T2T06.complete_correct_cens.bed	1896	1.9KB	https://cloud.imgag.de/s/oiHyaeziGCYfD9r/download?path=%2Fannotations%2FT2T06%2Fcenmap&files=T2T06.complete_correct_cens.bed
T2T06	methylation	T2T06.hp1.methyl.bed	annotations/T2T06/methylation/T2T06.hp1.methyl.bed	3884771963	3.6GB	https://cloud.imgag.de/s/oiHyaeziGCYfD9r/download?path=%2Fannotations%2FT2T06%2Fmethylation&files=T2T06.hp1.methyl.bed
T2T06	methylation	T2T06.hp2.methyl.bed	annotations/T2T06/methylation/T2T06.hp2.methyl.bed	3879314219	3.6GB	https://cloud.imgag.de/s/oiHyaeziGCYfD9r/download?path=%2Fannotations%2FT2T06%2Fmethylation&files=T2T06.hp2.methyl.bed
T2T06	repeatmasker	T2T06.filtered.bed	annotations/T2T06/repeatmasker/T2T06.filtered.bed	712669127	679.7MB	https://cloud.imgag.de/s/oiHyaeziGCYfD9r/download?path=%2Fannotations%2FT2T06%2Frepeatmasker&files=T2T06.filtered.bed
T2T06	repeatmasker	T2T06.filtered_satellites.bed	annotations/T2T06/repeatmasker/T2T06.filtered_satellites.bed	4079859	3.9MB	https://cloud.imgag.de/s/oiHyaeziGCYfD9r/download?path=%2Fannotations%2FT2T06%2Frepeatmasker&files=T2T06.filtered_satellites.bed
T2T06	repeatmasker	T2T06.repeatmasker.out	annotations/T2T06/repeatmasker/T2T06.repeatmasker.out	1813951645	1.7GB	https://cloud.imgag.de/s/oiHyaeziGCYfD9r/download?path=%2Fannotations%2FT2T06%2Frepeatmasker&files=T2T06.repeatmasker.out
T2T06	variants	T2T06.small_variants.vcf.gz	annotations/T2T06/variants/T2T06.small_variants.vcf.gz	38084722	36.3MB	https://cloud.imgag.de/s/oiHyaeziGCYfD9r/download?path=%2Fannotations%2FT2T06%2Fvariants&files=T2T06.small_variants.vcf.gz
T2T06	variants	T2T06.small_variants.vcf.gz.tbi	annotations/T2T06/variants/T2T06.small_variants.vcf.gz.tbi	1573578	1.5MB	https://cloud.imgag.de/s/oiHyaeziGCYfD9r/download?path=%2Fannotations%2FT2T06%2Fvariants&files=T2T06.small_variants.vcf.gz.tbi
T2T06	variants	T2T06.structural_variants.vcf.gz	annotations/T2T06/variants/T2T06.structural_variants.vcf.gz	7208256	6.9MB	https://cloud.imgag.de/s/oiHyaeziGCYfD9r/download?path=%2Fannotations%2FT2T06%2Fvariants&files=T2T06.structural_variants.vcf.gz
T2T06	variants	T2T06.structural_variants.vcf.gz.tbi	annotations/T2T06/variants/T2T06.structural_variants.vcf.gz.tbi	277931	271.4KB	https://cloud.imgag.de/s/oiHyaeziGCYfD9r/download?path=%2Fannotations%2FT2T06%2Fvariants&files=T2T06.structural_variants.vcf.gz.tbi
T2T07	3d_contacts	T2T07.combined.mcool	annotations/T2T07/3d_contacts/T2T07.combined.mcool	2558475694	2.4GB	https://cloud.imgag.de/s/oiHyaeziGCYfD9r/download?path=%2Fannotations%2FT2T07%2F3d_contacts&files=T2T07.combined.mcool
T2T07	3d_contacts	T2T07.hp1.mcool	annotations/T2T07/3d_contacts/T2T07.hp1.mcool	1223322730	1.1GB	https://cloud.imgag.de/s/oiHyaeziGCYfD9r/download?path=%2Fannotations%2FT2T07%2F3d_contacts&files=T2T07.hp1.mcool
T2T07	3d_contacts	T2T07.hp2.mcool	annotations/T2T07/3d_contacts/T2T07.hp2.mcool	1225471444	1.1GB	https://cloud.imgag.de/s/oiHyaeziGCYfD9r/download?path=%2Fannotations%2FT2T07%2F3d_contacts&files=T2T07.hp2.mcool
T2T07	assembly_issues	T2T07.assembly_issues.lifted.gff3	annotations/T2T07/assembly_issues/T2T07.assembly_issues.lifted.gff3	2005449	1.9MB	https://cloud.imgag.de/s/oiHyaeziGCYfD9r/download?path=%2Fannotations%2FT2T07%2Fassembly_issues&files=T2T07.assembly_issues.lifted.gff3
T2T07	assembly_issues	T2T07.flagger.bed	annotations/T2T07/assembly_issues/T2T07.flagger.bed	519083	506.9KB	https://cloud.imgag.de/s/oiHyaeziGCYfD9r/download?path=%2Fannotations%2FT2T07%2Fassembly_issues&files=T2T07.flagger.bed
T2T07	assembly_issues	T2T07.gaps.bed	annotations/T2T07/assembly_issues/T2T07.gaps.bed	4553	4.4KB	https://cloud.imgag.de/s/oiHyaeziGCYfD9r/download?path=%2Fannotations%2FT2T07%2Fassembly_issues&files=T2T07.gaps.bed
T2T07	assembly_issues	T2T07.nucflag_misasm.bed	annotations/T2T07/assembly_issues/T2T07.nucflag_misasm.bed	354126	345.8KB	https://cloud.imgag.de/s/oiHyaeziGCYfD9r/download?path=%2Fannotations%2FT2T07%2Fassembly_issues&files=T2T07.nucflag_misasm.bed
T2T07	assembly_issues	T2T07.nucflag_status.bed	annotations/T2T07/assembly_issues/T2T07.nucflag_status.bed	94494	92.3KB	https://cloud.imgag.de/s/oiHyaeziGCYfD9r/download?path=%2Fannotations%2FT2T07%2Fassembly_issues&files=T2T07.nucflag_status.bed
T2T07	cenmap	T2T07.complete_cens.bed	annotations/T2T07/cenmap/T2T07.complete_cens.bed	4151	4.1KB	https://cloud.imgag.de/s/oiHyaeziGCYfD9r/download?path=%2Fannotations%2FT2T07%2Fcenmap&files=T2T07.complete_cens.bed
T2T07	cenmap	T2T07.complete_correct_cens.bed	annotations/T2T07/cenmap/T2T07.complete_correct_cens.bed	686	686B	https://cloud.imgag.de/s/oiHyaeziGCYfD9r/download?path=%2Fannotations%2FT2T07%2Fcenmap&files=T2T07.complete_correct_cens.bed
T2T07	methylation	T2T07.hp1.methyl.bed	annotations/T2T07/methylation/T2T07.hp1.methyl.bed	4075925495	3.8GB	https://cloud.imgag.de/s/oiHyaeziGCYfD9r/download?path=%2Fannotations%2FT2T07%2Fmethylation&files=T2T07.hp1.methyl.bed
T2T07	methylation	T2T07.hp2.methyl.bed	annotations/T2T07/methylation/T2T07.hp2.methyl.bed	4101861259	3.8GB	https://cloud.imgag.de/s/oiHyaeziGCYfD9r/download?path=%2Fannotations%2FT2T07%2Fmethylation&files=T2T07.hp2.methyl.bed
T2T07	repeatmasker	T2T07.filtered.bed	annotations/T2T07/repeatmasker/T2T07.filtered.bed	727491858	693.8MB	https://cloud.imgag.de/s/oiHyaeziGCYfD9r/download?path=%2Fannotations%2FT2T07%2Frepeatmasker&files=T2T07.filtered.bed
T2T07	repeatmasker	T2T07.filtered_satellites.bed	annotations/T2T07/repeatmasker/T2T07.filtered_satellites.bed	3452879	3.3MB	https://cloud.imgag.de/s/oiHyaeziGCYfD9r/download?path=%2Fannotations%2FT2T07%2Frepeatmasker&files=T2T07.filtered_satellites.bed
T2T07	repeatmasker	T2T07.repeatmasker.out	annotations/T2T07/repeatmasker/T2T07.repeatmasker.out	1848946160	1.7GB	https://cloud.imgag.de/s/oiHyaeziGCYfD9r/download?path=%2Fannotations%2FT2T07%2Frepeatmasker&files=T2T07.repeatmasker.out
T2T07	variants	T2T07.small_variants.vcf.gz	annotations/T2T07/variants/T2T07.small_variants.vcf.gz	39672094	37.8MB	https://cloud.imgag.de/s/oiHyaeziGCYfD9r/download?path=%2Fannotations%2FT2T07%2Fvariants&files=T2T07.small_variants.vcf.gz
T2T07	variants	T2T07.small_variants.vcf.gz.tbi	annotations/T2T07/variants/T2T07.small_variants.vcf.gz.tbi	1577229	1.5MB	https://cloud.imgag.de/s/oiHyaeziGCYfD9r/download?path=%2Fannotations%2FT2T07%2Fvariants&files=T2T07.small_variants.vcf.gz.tbi
T2T07	variants	T2T07.structural_variants.vcf.gz	annotations/T2T07/variants/T2T07.structural_variants.vcf.gz	7763193	7.4MB	https://cloud.imgag.de/s/oiHyaeziGCYfD9r/download?path=%2Fannotations%2FT2T07%2Fvariants&files=T2T07.structural_variants.vcf.gz
T2T07	variants	T2T07.structural_variants.vcf.gz.tbi	annotations/T2T07/variants/T2T07.structural_variants.vcf.gz.tbi	283285	276.6KB	https://cloud.imgag.de/s/oiHyaeziGCYfD9r/download?path=%2Fannotations%2FT2T07%2Fvariants&files=T2T07.structural_variants.vcf.gz.tbi
T2T08	3d_contacts	T2T08.combined.mcool	annotations/T2T08/3d_contacts/T2T08.combined.mcool	2031691704	1.9GB	https://cloud.imgag.de/s/oiHyaeziGCYfD9r/download?path=%2Fannotations%2FT2T08%2F3d_contacts&files=T2T08.combined.mcool
T2T08	3d_contacts	T2T08.hp1.mcool	annotations/T2T08/3d_contacts/T2T08.hp1.mcool	667008600	636.1MB	https://cloud.imgag.de/s/oiHyaeziGCYfD9r/download?path=%2Fannotations%2FT2T08%2F3d_contacts&files=T2T08.hp1.mcool
T2T08	3d_contacts	T2T08.hp2.mcool	annotations/T2T08/3d_contacts/T2T08.hp2.mcool	672188946	641.0MB	https://cloud.imgag.de/s/oiHyaeziGCYfD9r/download?path=%2Fannotations%2FT2T08%2F3d_contacts&files=T2T08.hp2.mcool
T2T08	assembly_issues	T2T08.assembly_issues.lifted.gff3	annotations/T2T08/assembly_issues/T2T08.assembly_issues.lifted.gff3	1958959	1.9MB	https://cloud.imgag.de/s/oiHyaeziGCYfD9r/download?path=%2Fannotations%2FT2T08%2Fassembly_issues&files=T2T08.assembly_issues.lifted.gff3
T2T08	assembly_issues	T2T08.flagger.bed	annotations/T2T08/assembly_issues/T2T08.flagger.bed	362770	354.3KB	https://cloud.imgag.de/s/oiHyaeziGCYfD9r/download?path=%2Fannotations%2FT2T08%2Fassembly_issues&files=T2T08.flagger.bed
T2T08	assembly_issues	T2T08.gaps.bed	annotations/T2T08/assembly_issues/T2T08.gaps.bed	1749	1.7KB	https://cloud.imgag.de/s/oiHyaeziGCYfD9r/download?path=%2Fannotations%2FT2T08%2Fassembly_issues&files=T2T08.gaps.bed
T2T08	assembly_issues	T2T08.nucflag_misasm.bed	annotations/T2T08/assembly_issues/T2T08.nucflag_misasm.bed	387558	378.5KB	https://cloud.imgag.de/s/oiHyaeziGCYfD9r/download?path=%2Fannotations%2FT2T08%2Fassembly_issues&files=T2T08.nucflag_misasm.bed
T2T08	assembly_issues	T2T08.nucflag_status.bed	annotations/T2T08/assembly_issues/T2T08.nucflag_status.bed	71050	69.4KB	https://cloud.imgag.de/s/oiHyaeziGCYfD9r/download?path=%2Fannotations%2FT2T08%2Fassembly_issues&files=T2T08.nucflag_status.bed
T2T08	cenmap	T2T08.complete_cens.bed	annotations/T2T08/cenmap/T2T08.complete_cens.bed	3904	3.8KB	https://cloud.imgag.de/s/oiHyaeziGCYfD9r/download?path=%2Fannotations%2FT2T08%2Fcenmap&files=T2T08.complete_cens.bed
T2T08	cenmap	T2T08.complete_correct_cens.bed	annotations/T2T08/cenmap/T2T08.complete_correct_cens.bed	1433	1.4KB	https://cloud.imgag.de/s/oiHyaeziGCYfD9r/download?path=%2Fannotations%2FT2T08%2Fcenmap&files=T2T08.complete_correct_cens.bed
T2T08	methylation	T2T08.hp1.methyl.bed	annotations/T2T08/methylation/T2T08.hp1.methyl.bed	2959826662	2.8GB	https://cloud.imgag.de/s/oiHyaeziGCYfD9r/download?path=%2Fannotations%2FT2T08%2Fmethylation&files=T2T08.hp1.methyl.bed
T2T08	methylation	T2T08.hp2.methyl.bed	annotations/T2T08/methylation/T2T08.hp2.methyl.bed	2927012843	2.7GB	https://cloud.imgag.de/s/oiHyaeziGCYfD9r/download?path=%2Fannotations%2FT2T08%2Fmethylation&files=T2T08.hp2.methyl.bed
T2T08	repeatmasker	T2T08.filtered.bed	annotations/T2T08/repeatmasker/T2T08.filtered.bed	722477923	689.0MB	https://cloud.imgag.de/s/oiHyaeziGCYfD9r/download?path=%2Fannotations%2FT2T08%2Frepeatmasker&files=T2T08.filtered.bed
T2T08	repeatmasker	T2T08.filtered_satellites.bed	annotations/T2T08/repeatmasker/T2T08.filtered_satellites.bed	3482250	3.3MB	https://cloud.imgag.de/s/oiHyaeziGCYfD9r/download?path=%2Fannotations%2FT2T08%2Frepeatmasker&files=T2T08.filtered_satellites.bed
T2T08	repeatmasker	T2T08.repeatmasker.out	annotations/T2T08/repeatmasker/T2T08.repeatmasker.out	1840904282	1.7GB	https://cloud.imgag.de/s/oiHyaeziGCYfD9r/download?path=%2Fannotations%2FT2T08%2Frepeatmasker&files=T2T08.repeatmasker.out
T2T08	variants	T2T08.small_variants.vcf.gz	annotations/T2T08/variants/T2T08.small_variants.vcf.gz	40927804	39.0MB	https://cloud.imgag.de/s/oiHyaeziGCYfD9r/download?path=%2Fannotations%2FT2T08%2Fvariants&files=T2T08.small_variants.vcf.gz
T2T08	variants	T2T08.small_variants.vcf.gz.tbi	annotations/T2T08/variants/T2T08.small_variants.vcf.gz.tbi	1588487	1.5MB	https://cloud.imgag.de/s/oiHyaeziGCYfD9r/download?path=%2Fannotations%2FT2T08%2Fvariants&files=T2T08.small_variants.vcf.gz.tbi
T2T08	variants	T2T08.structural_variants.vcf.gz	annotations/T2T08/variants/T2T08.structural_variants.vcf.gz	7822222	7.5MB	https://cloud.imgag.de/s/oiHyaeziGCYfD9r/download?path=%2Fannotations%2FT2T08%2Fvariants&files=T2T08.structural_variants.vcf.gz
T2T08	variants	T2T08.structural_variants.vcf.gz.tbi	annotations/T2T08/variants/T2T08.structural_variants.vcf.gz.tbi	288841	282.1KB	https://cloud.imgag.de/s/oiHyaeziGCYfD9r/download?path=%2Fannotations%2FT2T08%2Fvariants&files=T2T08.structural_variants.vcf.gz.tbi
T2T09	3d_contacts	T2T09.combined.mcool	annotations/T2T09/3d_contacts/T2T09.combined.mcool	2750263971	2.6GB	https://cloud.imgag.de/s/oiHyaeziGCYfD9r/download?path=%2Fannotations%2FT2T09%2F3d_contacts&files=T2T09.combined.mcool
T2T09	3d_contacts	T2T09.hp1.mcool	annotations/T2T09/3d_contacts/T2T09.hp1.mcool	579404649	552.6MB	https://cloud.imgag.de/s/oiHyaeziGCYfD9r/download?path=%2Fannotations%2FT2T09%2F3d_contacts&files=T2T09.hp1.mcool
T2T09	3d_contacts	T2T09.hp2.mcool	annotations/T2T09/3d_contacts/T2T09.hp2.mcool	582099399	555.1MB	https://cloud.imgag.de/s/oiHyaeziGCYfD9r/download?path=%2Fannotations%2FT2T09%2F3d_contacts&files=T2T09.hp2.mcool
T2T09	assembly_issues	T2T09.assembly_issues.lifted.gff3	annotations/T2T09/assembly_issues/T2T09.assembly_issues.lifted.gff3	4064132	3.9MB	https://cloud.imgag.de/s/oiHyaeziGCYfD9r/download?path=%2Fannotations%2FT2T09%2Fassembly_issues&files=T2T09.assembly_issues.lifted.gff3
T2T09	assembly_issues	T2T09.flagger.bed	annotations/T2T09/assembly_issues/T2T09.flagger.bed	505894	494.0KB	https://cloud.imgag.de/s/oiHyaeziGCYfD9r/download?path=%2Fannotations%2FT2T09%2Fassembly_issues&files=T2T09.flagger.bed
T2T09	assembly_issues	T2T09.gaps.bed	annotations/T2T09/assembly_issues/T2T09.gaps.bed	3501	3.4KB	https://cloud.imgag.de/s/oiHyaeziGCYfD9r/download?path=%2Fannotations%2FT2T09%2Fassembly_issues&files=T2T09.gaps.bed
T2T09	assembly_issues	T2T09.nucflag_misasm.bed	annotations/T2T09/assembly_issues/T2T09.nucflag_misasm.bed	871394	851.0KB	https://cloud.imgag.de/s/oiHyaeziGCYfD9r/download?path=%2Fannotations%2FT2T09%2Fassembly_issues&files=T2T09.nucflag_misasm.bed
T2T09	assembly_issues	T2T09.nucflag_status.bed	annotations/T2T09/assembly_issues/T2T09.nucflag_status.bed	78738	76.9KB	https://cloud.imgag.de/s/oiHyaeziGCYfD9r/download?path=%2Fannotations%2FT2T09%2Fassembly_issues&files=T2T09.nucflag_status.bed
T2T09	cenmap	T2T09.complete_cens.bed	annotations/T2T09/cenmap/T2T09.complete_cens.bed	4187	4.1KB	https://cloud.imgag.de/s/oiHyaeziGCYfD9r/download?path=%2Fannotations%2FT2T09%2Fcenmap&files=T2T09.complete_cens.bed
T2T09	cenmap	T2T09.complete_correct_cens.bed	annotations/T2T09/cenmap/T2T09.complete_correct_cens.bed	949	949B	https://cloud.imgag.de/s/oiHyaeziGCYfD9r/download?path=%2Fannotations%2FT2T09%2Fcenmap&files=T2T09.complete_correct_cens.bed
T2T09	methylation	T2T09.hp1.methyl.bed	annotations/T2T09/methylation/T2T09.hp1.methyl.bed	2227398166	2.1GB	https://cloud.imgag.de/s/oiHyaeziGCYfD9r/download?path=%2Fannotations%2FT2T09%2Fmethylation&files=T2T09.hp1.methyl.bed
T2T09	methylation	T2T09.hp2.methyl.bed	annotations/T2T09/methylation/T2T09.hp2.methyl.bed	2226723882	2.1GB	https://cloud.imgag.de/s/oiHyaeziGCYfD9r/download?path=%2Fannotations%2FT2T09%2Fmethylation&files=T2T09.hp2.methyl.bed
T2T09	repeatmasker	T2T09.filtered.bed	annotations/T2T09/repeatmasker/T2T09.filtered.bed	708855420	676.0MB	https://cloud.imgag.de/s/oiHyaeziGCYfD9r/download?path=%2Fannotations%2FT2T09%2Frepeatmasker&files=T2T09.filtered.bed
T2T09	repeatmasker	T2T09.filtered_satellites.bed	annotations/T2T09/repeatmasker/T2T09.filtered_satellites.bed	3754752	3.6MB	https://cloud.imgag.de/s/oiHyaeziGCYfD9r/download?path=%2Fannotations%2FT2T09%2Frepeatmasker&files=T2T09.filtered_satellites.bed
T2T09	repeatmasker	T2T09.repeatmasker.out	annotations/T2T09/repeatmasker/T2T09.repeatmasker.out	1802318708	1.7GB	https://cloud.imgag.de/s/oiHyaeziGCYfD9r/download?path=%2Fannotations%2FT2T09%2Frepeatmasker&files=T2T09.repeatmasker.out
T2T09	variants	T2T09.small_variants.vcf.gz	annotations/T2T09/variants/T2T09.small_variants.vcf.gz	39382213	37.6MB	https://cloud.imgag.de/s/oiHyaeziGCYfD9r/download?path=%2Fannotations%2FT2T09%2Fvariants&files=T2T09.small_variants.vcf.gz
T2T09	variants	T2T09.small_variants.vcf.gz.tbi	annotations/T2T09/variants/T2T09.small_variants.vcf.gz.tbi	1576939	1.5MB	https://cloud.imgag.de/s/oiHyaeziGCYfD9r/download?path=%2Fannotations%2FT2T09%2Fvariants&files=T2T09.small_variants.vcf.gz.tbi
T2T09	variants	T2T09.structural_variants.vcf.gz	annotations/T2T09/variants/T2T09.structural_variants.vcf.gz	7431660	7.1MB	https://cloud.imgag.de/s/oiHyaeziGCYfD9r/download?path=%2Fannotations%2FT2T09%2Fvariants&files=T2T09.structural_variants.vcf.gz
T2T09	variants	T2T09.structural_variants.vcf.gz.tbi	annotations/T2T09/variants/T2T09.structural_variants.vcf.gz.tbi	285880	279.2KB	https://cloud.imgag.de/s/oiHyaeziGCYfD9r/download?path=%2Fannotations%2FT2T09%2Fvariants&files=T2T09.structural_variants.vcf.gz.tbi
T2T10	3d_contacts	T2T10.combined.mcool	annotations/T2T10/3d_contacts/T2T10.combined.mcool	2616776844	2.4GB	https://cloud.imgag.de/s/oiHyaeziGCYfD9r/download?path=%2Fannotations%2FT2T10%2F3d_contacts&files=T2T10.combined.mcool
T2T10	3d_contacts	T2T10.hp1.mcool	annotations/T2T10/3d_contacts/T2T10.hp1.mcool	670167350	639.1MB	https://cloud.imgag.de/s/oiHyaeziGCYfD9r/download?path=%2Fannotations%2FT2T10%2F3d_contacts&files=T2T10.hp1.mcool
T2T10	3d_contacts	T2T10.hp2.mcool	annotations/T2T10/3d_contacts/T2T10.hp2.mcool	673116963	641.9MB	https://cloud.imgag.de/s/oiHyaeziGCYfD9r/download?path=%2Fannotations%2FT2T10%2F3d_contacts&files=T2T10.hp2.mcool
T2T10	assembly_issues	T2T10.assembly_issues.lifted.gff3	annotations/T2T10/assembly_issues/T2T10.assembly_issues.lifted.gff3	10545627	10.1MB	https://cloud.imgag.de/s/oiHyaeziGCYfD9r/download?path=%2Fannotations%2FT2T10%2Fassembly_issues&files=T2T10.assembly_issues.lifted.gff3
T2T10	assembly_issues	T2T10.flagger.bed	annotations/T2T10/assembly_issues/T2T10.flagger.bed	682186	666.2KB	https://cloud.imgag.de/s/oiHyaeziGCYfD9r/download?path=%2Fannotations%2FT2T10%2Fassembly_issues&files=T2T10.flagger.bed
T2T10	assembly_issues	T2T10.gaps.bed	annotations/T2T10/assembly_issues/T2T10.gaps.bed	8479	8.3KB	https://cloud.imgag.de/s/oiHyaeziGCYfD9r/download?path=%2Fannotations%2FT2T10%2Fassembly_issues&files=T2T10.gaps.bed
T2T10	assembly_issues	T2T10.nucflag_misasm.bed	annotations/T2T10/assembly_issues/T2T10.nucflag_misasm.bed	2456867	2.3MB	https://cloud.imgag.de/s/oiHyaeziGCYfD9r/download?path=%2Fannotations%2FT2T10%2Fassembly_issues&files=T2T10.nucflag_misasm.bed
T2T10	assembly_issues	T2T10.nucflag_status.bed	annotations/T2T10/assembly_issues/T2T10.nucflag_status.bed	115411	112.7KB	https://cloud.imgag.de/s/oiHyaeziGCYfD9r/download?path=%2Fannotations%2FT2T10%2Fassembly_issues&files=T2T10.nucflag_status.bed
T2T10	cenmap	T2T10.complete_cens.bed	annotations/T2T10/cenmap/T2T10.complete_cens.bed	4745	4.6KB	https://cloud.imgag.de/s/oiHyaeziGCYfD9r/download?path=%2Fannotations%2FT2T10%2Fcenmap&files=T2T10.complete_cens.bed
T2T10	cenmap	T2T10.complete_correct_cens.bed	annotations/T2T10/cenmap/T2T10.complete_correct_cens.bed	190	190B	https://cloud.imgag.de/s/oiHyaeziGCYfD9r/download?path=%2Fannotations%2FT2T10%2Fcenmap&files=T2T10.complete_correct_cens.bed
T2T10	methylation	T2T10.hp1.methyl.bed	annotations/T2T10/methylation/T2T10.hp1.methyl.bed	2343436828	2.2GB	https://cloud.imgag.de/s/oiHyaeziGCYfD9r/download?path=%2Fannotations%2FT2T10%2Fmethylation&files=T2T10.hp1.methyl.bed
T2T10	methylation	T2T10.hp2.methyl.bed	annotations/T2T10/methylation/T2T10.hp2.methyl.bed	2332613168	2.2GB	https://cloud.imgag.de/s/oiHyaeziGCYfD9r/download?path=%2Fannotations%2FT2T10%2Fmethylation&files=T2T10.hp2.methyl.bed
T2T10	repeatmasker	T2T10.filtered.bed	annotations/T2T10/repeatmasker/T2T10.filtered.bed	731060488	697.2MB	https://cloud.imgag.de/s/oiHyaeziGCYfD9r/download?path=%2Fannotations%2FT2T10%2Frepeatmasker&files=T2T10.filtered.bed
T2T10	repeatmasker	T2T10.filtered_satellites.bed	annotations/T2T10/repeatmasker/T2T10.filtered_satellites.bed	3416426	3.3MB	https://cloud.imgag.de/s/oiHyaeziGCYfD9r/download?path=%2Fannotations%2FT2T10%2Frepeatmasker&files=T2T10.filtered_satellites.bed
T2T10	repeatmasker	T2T10.repeatmasker.out	annotations/T2T10/repeatmasker/T2T10.repeatmasker.out	1849686186	1.7GB	https://cloud.imgag.de/s/oiHyaeziGCYfD9r/download?path=%2Fannotations%2FT2T10%2Frepeatmasker&files=T2T10.repeatmasker.out
T2T10	variants	T2T10.small_variants.vcf.gz	annotations/T2T10/variants/T2T10.small_variants.vcf.gz	38608761	36.8MB	https://cloud.imgag.de/s/oiHyaeziGCYfD9r/download?path=%2Fannotations%2FT2T10%2Fvariants&files=T2T10.small_variants.vcf.gz
T2T10	variants	T2T10.small_variants.vcf.gz.tbi	annotations/T2T10/variants/T2T10.small_variants.vcf.gz.tbi	1577917	1.5MB	https://cloud.imgag.de/s/oiHyaeziGCYfD9r/download?path=%2Fannotations%2FT2T10%2Fvariants&files=T2T10.small_variants.vcf.gz.tbi
T2T10	variants	T2T10.structural_variants.vcf.gz	annotations/T2T10/variants/T2T10.structural_variants.vcf.gz	7531841	7.2MB	https://cloud.imgag.de/s/oiHyaeziGCYfD9r/download?path=%2Fannotations%2FT2T10%2Fvariants&files=T2T10.structural_variants.vcf.gz
T2T10	variants	T2T10.structural_variants.vcf.gz.tbi	annotations/T2T10/variants/T2T10.structural_variants.vcf.gz.tbi	273000	266.6KB	https://cloud.imgag.de/s/oiHyaeziGCYfD9r/download?path=%2Fannotations%2FT2T10%2Fvariants&files=T2T10.structural_variants.vcf.gz.tbi
T2T11	3d_contacts	T2T11.combined.mcool	annotations/T2T11/3d_contacts/T2T11.combined.mcool	2512264284	2.3GB	https://cloud.imgag.de/s/oiHyaeziGCYfD9r/download?path=%2Fannotations%2FT2T11%2F3d_contacts&files=T2T11.combined.mcool
T2T11	3d_contacts	T2T11.hp1.mcool	annotations/T2T11/3d_contacts/T2T11.hp1.mcool	1108767882	1.0GB	https://cloud.imgag.de/s/oiHyaeziGCYfD9r/download?path=%2Fannotations%2FT2T11%2F3d_contacts&files=T2T11.hp1.mcool
T2T11	3d_contacts	T2T11.hp2.mcool	annotations/T2T11/3d_contacts/T2T11.hp2.mcool	1114305561	1.0GB	https://cloud.imgag.de/s/oiHyaeziGCYfD9r/download?path=%2Fannotations%2FT2T11%2F3d_contacts&files=T2T11.hp2.mcool
T2T11	assembly_issues	T2T11.assembly_issues.lifted.gff3	annotations/T2T11/assembly_issues/T2T11.assembly_issues.lifted.gff3	2792389	2.7MB	https://cloud.imgag.de/s/oiHyaeziGCYfD9r/download?path=%2Fannotations%2FT2T11%2Fassembly_issues&files=T2T11.assembly_issues.lifted.gff3
T2T11	assembly_issues	T2T11.flagger.bed	annotations/T2T11/assembly_issues/T2T11.flagger.bed	478469	467.3KB	https://cloud.imgag.de/s/oiHyaeziGCYfD9r/download?path=%2Fannotations%2FT2T11%2Fassembly_issues&files=T2T11.flagger.bed
T2T11	assembly_issues	T2T11.gaps.bed	annotations/T2T11/assembly_issues/T2T11.gaps.bed	4348	4.2KB	https://cloud.imgag.de/s/oiHyaeziGCYfD9r/download?path=%2Fannotations%2FT2T11%2Fassembly_issues&files=T2T11.gaps.bed
T2T11	assembly_issues	T2T11.nucflag_misasm.bed	annotations/T2T11/assembly_issues/T2T11.nucflag_misasm.bed	548584	535.7KB	https://cloud.imgag.de/s/oiHyaeziGCYfD9r/download?path=%2Fannotations%2FT2T11%2Fassembly_issues&files=T2T11.nucflag_misasm.bed
T2T11	assembly_issues	T2T11.nucflag_status.bed	annotations/T2T11/assembly_issues/T2T11.nucflag_status.bed	87394	85.3KB	https://cloud.imgag.de/s/oiHyaeziGCYfD9r/download?path=%2Fannotations%2FT2T11%2Fassembly_issues&files=T2T11.nucflag_status.bed
T2T11	cenmap	T2T11.complete_cens.bed	annotations/T2T11/cenmap/T2T11.complete_cens.bed	3891	3.8KB	https://cloud.imgag.de/s/oiHyaeziGCYfD9r/download?path=%2Fannotations%2FT2T11%2Fcenmap&files=T2T11.complete_cens.bed
T2T11	cenmap	T2T11.complete_correct_cens.bed	annotations/T2T11/cenmap/T2T11.complete_correct_cens.bed	1617	1.6KB	https://cloud.imgag.de/s/oiHyaeziGCYfD9r/download?path=%2Fannotations%2FT2T11%2Fcenmap&files=T2T11.complete_correct_cens.bed
T2T11	methylation	T2T11.hp1.methyl.bed	annotations/T2T11/methylation/T2T11.hp1.methyl.bed	3044569986	2.8GB	https://cloud.imgag.de/s/oiHyaeziGCYfD9r/download?path=%2Fannotations%2FT2T11%2Fmethylation&files=T2T11.hp1.methyl.bed
T2T11	methylation	T2T11.hp2.methyl.bed	annotations/T2T11/methylation/T2T11.hp2.methyl.bed	3037516343	2.8GB	https://cloud.imgag.de/s/oiHyaeziGCYfD9r/download?path=%2Fannotations%2FT2T11%2Fmethylation&files=T2T11.hp2.methyl.bed
T2T11	repeatmasker	T2T11.filtered.bed	annotations/T2T11/repeatmasker/T2T11.filtered.bed	713562192	680.5MB	https://cloud.imgag.de/s/oiHyaeziGCYfD9r/download?path=%2Fannotations%2FT2T11%2Frepeatmasker&files=T2T11.filtered.bed
T2T11	repeatmasker	T2T11.filtered_satellites.bed	annotations/T2T11/repeatmasker/T2T11.filtered_satellites.bed	4376611	4.2MB	https://cloud.imgag.de/s/oiHyaeziGCYfD9r/download?path=%2Fannotations%2FT2T11%2Frepeatmasker&files=T2T11.filtered_satellites.bed
T2T11	repeatmasker	T2T11.repeatmasker.out	annotations/T2T11/repeatmasker/T2T11.repeatmasker.out	1812647746	1.7GB	https://cloud.imgag.de/s/oiHyaeziGCYfD9r/download?path=%2Fannotations%2FT2T11%2Frepeatmasker&files=T2T11.repeatmasker.out
T2T11	variants	T2T11.small_variants.vcf.gz	annotations/T2T11/variants/T2T11.small_variants.vcf.gz	38701243	36.9MB	https://cloud.imgag.de/s/oiHyaeziGCYfD9r/download?path=%2Fannotations%2FT2T11%2Fvariants&files=T2T11.small_variants.vcf.gz
T2T11	variants	T2T11.small_variants.vcf.gz.tbi	annotations/T2T11/variants/T2T11.small_variants.vcf.gz.tbi	1576777	1.5MB	https://cloud.imgag.de/s/oiHyaeziGCYfD9r/download?path=%2Fannotations%2FT2T11%2Fvariants&files=T2T11.small_variants.vcf.gz.tbi
T2T11	variants	T2T11.structural_variants.vcf.gz	annotations/T2T11/variants/T2T11.structural_variants.vcf.gz	7756469	7.4MB	https://cloud.imgag.de/s/oiHyaeziGCYfD9r/download?path=%2Fannotations%2FT2T11%2Fvariants&files=T2T11.structural_variants.vcf.gz
T2T11	variants	T2T11.structural_variants.vcf.gz.tbi	annotations/T2T11/variants/T2T11.structural_variants.vcf.gz.tbi	280053	273.5KB	https://cloud.imgag.de/s/oiHyaeziGCYfD9r/download?path=%2Fannotations%2FT2T11%2Fvariants&files=T2T11.structural_variants.vcf.gz.tbi
T2T12	3d_contacts	T2T12.combined.mcool	annotations/T2T12/3d_contacts/T2T12.combined.mcool	5880372288	5.5GB	https://cloud.imgag.de/s/oiHyaeziGCYfD9r/download?path=%2Fannotations%2FT2T12%2F3d_contacts&files=T2T12.combined.mcool
T2T12	3d_contacts	T2T12.hp1.mcool	annotations/T2T12/3d_contacts/T2T12.hp1.mcool	2846558125	2.7GB	https://cloud.imgag.de/s/oiHyaeziGCYfD9r/download?path=%2Fannotations%2FT2T12%2F3d_contacts&files=T2T12.hp1.mcool
T2T12	3d_contacts	T2T12.hp2.mcool	annotations/T2T12/3d_contacts/T2T12.hp2.mcool	2861847561	2.7GB	https://cloud.imgag.de/s/oiHyaeziGCYfD9r/download?path=%2Fannotations%2FT2T12%2F3d_contacts&files=T2T12.hp2.mcool
T2T12	assembly_issues	T2T12.assembly_issues.lifted.gff3	annotations/T2T12/assembly_issues/T2T12.assembly_issues.lifted.gff3	1075997	1.0MB	https://cloud.imgag.de/s/oiHyaeziGCYfD9r/download?path=%2Fannotations%2FT2T12%2Fassembly_issues&files=T2T12.assembly_issues.lifted.gff3
T2T12	assembly_issues	T2T12.flagger.bed	annotations/T2T12/assembly_issues/T2T12.flagger.bed	324071	316.5KB	https://cloud.imgag.de/s/oiHyaeziGCYfD9r/download?path=%2Fannotations%2FT2T12%2Fassembly_issues&files=T2T12.flagger.bed
T2T12	assembly_issues	T2T12.gaps.bed	annotations/T2T12/assembly_issues/T2T12.gaps.bed	880	880B	https://cloud.imgag.de/s/oiHyaeziGCYfD9r/download?path=%2Fannotations%2FT2T12%2Fassembly_issues&files=T2T12.gaps.bed
T2T12	assembly_issues	T2T12.nucflag_misasm.bed	annotations/T2T12/assembly_issues/T2T12.nucflag_misasm.bed	179841	175.6KB	https://cloud.imgag.de/s/oiHyaeziGCYfD9r/download?path=%2Fannotations%2FT2T12%2Fassembly_issues&files=T2T12.nucflag_misasm.bed
T2T12	assembly_issues	T2T12.nucflag_status.bed	annotations/T2T12/assembly_issues/T2T12.nucflag_status.bed	68126	66.5KB	https://cloud.imgag.de/s/oiHyaeziGCYfD9r/download?path=%2Fannotations%2FT2T12%2Fassembly_issues&files=T2T12.nucflag_status.bed
T2T12	cenmap	T2T12.complete_cens.bed	annotations/T2T12/cenmap/T2T12.complete_cens.bed	3922	3.8KB	https://cloud.imgag.de/s/oiHyaeziGCYfD9r/download?path=%2Fannotations%2FT2T12%2Fcenmap&files=T2T12.complete_cens.bed
T2T12	cenmap	T2T12.complete_correct_cens.bed	annotations/T2T12/cenmap/T2T12.complete_correct_cens.bed	3391	3.3KB	https://cloud.imgag.de/s/oiHyaeziGCYfD9r/download?path=%2Fannotations%2FT2T12%2Fcenmap&files=T2T12.complete_correct_cens.bed
T2T12	methylation	T2T12.hp1.methyl.bed	annotations/T2T12/methylation/T2T12.hp1.methyl.bed	3876369737	3.6GB	https://cloud.imgag.de/s/oiHyaeziGCYfD9r/download?path=%2Fannotations%2FT2T12%2Fmethylation&files=T2T12.hp1.methyl.bed
T2T12	methylation	T2T12.hp2.methyl.bed	annotations/T2T12/methylation/T2T12.hp2.methyl.bed	3866030707	3.6GB	https://cloud.imgag.de/s/oiHyaeziGCYfD9r/download?path=%2Fannotations%2FT2T12%2Fmethylation&files=T2T12.hp2.methyl.bed
T2T12	repeatmasker	T2T12.filtered.bed	annotations/T2T12/repeatmasker/T2T12.filtered.bed	725181721	691.6MB	https://cloud.imgag.de/s/oiHyaeziGCYfD9r/download?path=%2Fannotations%2FT2T12%2Frepeatmasker&files=T2T12.filtered.bed
T2T12	repeatmasker	T2T12.filtered_satellites.bed	annotations/T2T12/repeatmasker/T2T12.filtered_satellites.bed	3596701	3.4MB	https://cloud.imgag.de/s/oiHyaeziGCYfD9r/download?path=%2Fannotations%2FT2T12%2Frepeatmasker&files=T2T12.filtered_satellites.bed
T2T12	repeatmasker	T2T12.repeatmasker.out	annotations/T2T12/repeatmasker/T2T12.repeatmasker.out	1847768686	1.7GB	https://cloud.imgag.de/s/oiHyaeziGCYfD9r/download?path=%2Fannotations%2FT2T12%2Frepeatmasker&files=T2T12.repeatmasker.out
T2T12	variants	T2T12.small_variants.vcf.gz	annotations/T2T12/variants/T2T12.small_variants.vcf.gz	38789438	37.0MB	https://cloud.imgag.de/s/oiHyaeziGCYfD9r/download?path=%2Fannotations%2FT2T12%2Fvariants&files=T2T12.small_variants.vcf.gz
T2T12	variants	T2T12.small_variants.vcf.gz.tbi	annotations/T2T12/variants/T2T12.small_variants.vcf.gz.tbi	1575229	1.5MB	https://cloud.imgag.de/s/oiHyaeziGCYfD9r/download?path=%2Fannotations%2FT2T12%2Fvariants&files=T2T12.small_variants.vcf.gz.tbi
T2T12	variants	T2T12.structural_variants.vcf.gz	annotations/T2T12/variants/T2T12.structural_variants.vcf.gz	7368733	7.0MB	https://cloud.imgag.de/s/oiHyaeziGCYfD9r/download?path=%2Fannotations%2FT2T12%2Fvariants&files=T2T12.structural_variants.vcf.gz
T2T12	variants	T2T12.structural_variants.vcf.gz.tbi	annotations/T2T12/variants/T2T12.structural_variants.vcf.gz.tbi	277459	271.0KB	https://cloud.imgag.de/s/oiHyaeziGCYfD9r/download?path=%2Fannotations%2FT2T12%2Fvariants&files=T2T12.structural_variants.vcf.gz.tbi
T2T13	3d_contacts	T2T13.combined.mcool	annotations/T2T13/3d_contacts/T2T13.combined.mcool	4909027425	4.6GB	https://cloud.imgag.de/s/oiHyaeziGCYfD9r/download?path=%2Fannotations%2FT2T13%2F3d_contacts&files=T2T13.combined.mcool
T2T13	3d_contacts	T2T13.hp1.mcool	annotations/T2T13/3d_contacts/T2T13.hp1.mcool	2169814747	2.0GB	https://cloud.imgag.de/s/oiHyaeziGCYfD9r/download?path=%2Fannotations%2FT2T13%2F3d_contacts&files=T2T13.hp1.mcool
T2T13	3d_contacts	T2T13.hp2.mcool	annotations/T2T13/3d_contacts/T2T13.hp2.mcool	2178166403	2.0GB	https://cloud.imgag.de/s/oiHyaeziGCYfD9r/download?path=%2Fannotations%2FT2T13%2F3d_contacts&files=T2T13.hp2.mcool
T2T13	assembly_issues	T2T13.assembly_issues.lifted.gff3	annotations/T2T13/assembly_issues/T2T13.assembly_issues.lifted.gff3	1548413	1.5MB	https://cloud.imgag.de/s/oiHyaeziGCYfD9r/download?path=%2Fannotations%2FT2T13%2Fassembly_issues&files=T2T13.assembly_issues.lifted.gff3
T2T13	assembly_issues	T2T13.flagger.bed	annotations/T2T13/assembly_issues/T2T13.flagger.bed	375154	366.4KB	https://cloud.imgag.de/s/oiHyaeziGCYfD9r/download?path=%2Fannotations%2FT2T13%2Fassembly_issues&files=T2T13.flagger.bed
T2T13	assembly_issues	T2T13.gaps.bed	annotations/T2T13/assembly_issues/T2T13.gaps.bed	2650	2.6KB	https://cloud.imgag.de/s/oiHyaeziGCYfD9r/download?path=%2Fannotations%2FT2T13%2Fassembly_issues&files=T2T13.gaps.bed
T2T13	assembly_issues	T2T13.nucflag_misasm.bed	annotations/T2T13/assembly_issues/T2T13.nucflag_misasm.bed	268217	261.9KB	https://cloud.imgag.de/s/oiHyaeziGCYfD9r/download?path=%2Fannotations%2FT2T13%2Fassembly_issues&files=T2T13.nucflag_misasm.bed
T2T13	assembly_issues	T2T13.nucflag_status.bed	annotations/T2T13/assembly_issues/T2T13.nucflag_status.bed	73561	71.8KB	https://cloud.imgag.de/s/oiHyaeziGCYfD9r/download?path=%2Fannotations%2FT2T13%2Fassembly_issues&files=T2T13.nucflag_status.bed
T2T13	cenmap	T2T13.complete_cens.bed	annotations/T2T13/cenmap/T2T13.complete_cens.bed	4174	4.1KB	https://cloud.imgag.de/s/oiHyaeziGCYfD9r/download?path=%2Fannotations%2FT2T13%2Fcenmap&files=T2T13.complete_cens.bed
T2T13	cenmap	T2T13.complete_correct_cens.bed	annotations/T2T13/cenmap/T2T13.complete_correct_cens.bed	1897	1.9KB	https://cloud.imgag.de/s/oiHyaeziGCYfD9r/download?path=%2Fannotations%2FT2T13%2Fcenmap&files=T2T13.complete_correct_cens.bed
T2T13	methylation	T2T13.hp1.methyl.bed	annotations/T2T13/methylation/T2T13.hp1.methyl.bed	3323576346	3.1GB	https://cloud.imgag.de/s/oiHyaeziGCYfD9r/download?path=%2Fannotations%2FT2T13%2Fmethylation&files=T2T13.hp1.methyl.bed
T2T13	methylation	T2T13.hp2.methyl.bed	annotations/T2T13/methylation/T2T13.hp2.methyl.bed	3293671886	3.1GB	https://cloud.imgag.de/s/oiHyaeziGCYfD9r/download?path=%2Fannotations%2FT2T13%2Fmethylation&files=T2T13.hp2.methyl.bed
T2T13	repeatmasker	T2T13.filtered.bed	annotations/T2T13/repeatmasker/T2T13.filtered.bed	726395314	692.7MB	https://cloud.imgag.de/s/oiHyaeziGCYfD9r/download?path=%2Fannotations%2FT2T13%2Frepeatmasker&files=T2T13.filtered.bed
T2T13	repeatmasker	T2T13.filtered_satellites.bed	annotations/T2T13/repeatmasker/T2T13.filtered_satellites.bed	3940172	3.8MB	https://cloud.imgag.de/s/oiHyaeziGCYfD9r/download?path=%2Fannotations%2FT2T13%2Frepeatmasker&files=T2T13.filtered_satellites.bed
T2T13	repeatmasker	T2T13.repeatmasker.out	annotations/T2T13/repeatmasker/T2T13.repeatmasker.out	1847977178	1.7GB	https://cloud.imgag.de/s/oiHyaeziGCYfD9r/download?path=%2Fannotations%2FT2T13%2Frepeatmasker&files=T2T13.repeatmasker.out
T2T13	variants	T2T13.small_variants.vcf.gz	annotations/T2T13/variants/T2T13.small_variants.vcf.gz	39879101	38.0MB	https://cloud.imgag.de/s/oiHyaeziGCYfD9r/download?path=%2Fannotations%2FT2T13%2Fvariants&files=T2T13.small_variants.vcf.gz
T2T13	variants	T2T13.small_variants.vcf.gz.tbi	annotations/T2T13/variants/T2T13.small_variants.vcf.gz.tbi	1579339	1.5MB	https://cloud.imgag.de/s/oiHyaeziGCYfD9r/download?path=%2Fannotations%2FT2T13%2Fvariants&files=T2T13.small_variants.vcf.gz.tbi
T2T13	variants	T2T13.structural_variants.vcf.gz	annotations/T2T13/variants/T2T13.structural_variants.vcf.gz	7478741	7.1MB	https://cloud.imgag.de/s/oiHyaeziGCYfD9r/download?path=%2Fannotations%2FT2T13%2Fvariants&files=T2T13.structural_variants.vcf.gz
T2T13	variants	T2T13.structural_variants.vcf.gz.tbi	annotations/T2T13/variants/T2T13.structural_variants.vcf.gz.tbi	285585	278.9KB	https://cloud.imgag.de/s/oiHyaeziGCYfD9r/download?path=%2Fannotations%2FT2T13%2Fvariants&files=T2T13.structural_variants.vcf.gz.tbi
T2T15	3d_contacts	T2T15.combined.mcool	annotations/T2T15/3d_contacts/T2T15.combined.mcool	2982690341	2.8GB	https://cloud.imgag.de/s/oiHyaeziGCYfD9r/download?path=%2Fannotations%2FT2T15%2F3d_contacts&files=T2T15.combined.mcool
T2T15	3d_contacts	T2T15.hp1.mcool	annotations/T2T15/3d_contacts/T2T15.hp1.mcool	1350549609	1.3GB	https://cloud.imgag.de/s/oiHyaeziGCYfD9r/download?path=%2Fannotations%2FT2T15%2F3d_contacts&files=T2T15.hp1.mcool
T2T15	3d_contacts	T2T15.hp2.mcool	annotations/T2T15/3d_contacts/T2T15.hp2.mcool	1330863704	1.2GB	https://cloud.imgag.de/s/oiHyaeziGCYfD9r/download?path=%2Fannotations%2FT2T15%2F3d_contacts&files=T2T15.hp2.mcool
T2T15	assembly_issues	T2T15.assembly_issues.lifted.gff3	annotations/T2T15/assembly_issues/T2T15.assembly_issues.lifted.gff3	894870	873.9KB	https://cloud.imgag.de/s/oiHyaeziGCYfD9r/download?path=%2Fannotations%2FT2T15%2Fassembly_issues&files=T2T15.assembly_issues.lifted.gff3
T2T15	assembly_issues	T2T15.flagger.bed	annotations/T2T15/assembly_issues/T2T15.flagger.bed	334496	326.7KB	https://cloud.imgag.de/s/oiHyaeziGCYfD9r/download?path=%2Fannotations%2FT2T15%2Fassembly_issues&files=T2T15.flagger.bed
T2T15	assembly_issues	T2T15.gaps.bed	annotations/T2T15/assembly_issues/T2T15.gaps.bed	1296	1.3KB	https://cloud.imgag.de/s/oiHyaeziGCYfD9r/download?path=%2Fannotations%2FT2T15%2Fassembly_issues&files=T2T15.gaps.bed
T2T15	assembly_issues	T2T15.nucflag_misasm.bed	annotations/T2T15/assembly_issues/T2T15.nucflag_misasm.bed	115526	112.8KB	https://cloud.imgag.de/s/oiHyaeziGCYfD9r/download?path=%2Fannotations%2FT2T15%2Fassembly_issues&files=T2T15.nucflag_misasm.bed
T2T15	assembly_issues	T2T15.nucflag_status.bed	annotations/T2T15/assembly_issues/T2T15.nucflag_status.bed	68662	67.1KB	https://cloud.imgag.de/s/oiHyaeziGCYfD9r/download?path=%2Fannotations%2FT2T15%2Fassembly_issues&files=T2T15.nucflag_status.bed
T2T15	cenmap	T2T15.complete_cens.bed	annotations/T2T15/cenmap/T2T15.complete_cens.bed	4023	3.9KB	https://cloud.imgag.de/s/oiHyaeziGCYfD9r/download?path=%2Fannotations%2FT2T15%2Fcenmap&files=T2T15.complete_cens.bed
T2T15	cenmap	T2T15.complete_correct_cens.bed	annotations/T2T15/cenmap/T2T15.complete_correct_cens.bed	3261	3.2KB	https://cloud.imgag.de/s/oiHyaeziGCYfD9r/download?path=%2Fannotations%2FT2T15%2Fcenmap&files=T2T15.complete_correct_cens.bed
T2T15	methylation	T2T15.hp1.methyl.bed	annotations/T2T15/methylation/T2T15.hp1.methyl.bed	3653057488	3.4GB	https://cloud.imgag.de/s/oiHyaeziGCYfD9r/download?path=%2Fannotations%2FT2T15%2Fmethylation&files=T2T15.hp1.methyl.bed
T2T15	methylation	T2T15.hp2.methyl.bed	annotations/T2T15/methylation/T2T15.hp2.methyl.bed	3659261749	3.4GB	https://cloud.imgag.de/s/oiHyaeziGCYfD9r/download?path=%2Fannotations%2FT2T15%2Fmethylation&files=T2T15.hp2.methyl.bed
T2T15	repeatmasker	T2T15.filtered.bed	annotations/T2T15/repeatmasker/T2T15.filtered.bed	726815349	693.1MB	https://cloud.imgag.de/s/oiHyaeziGCYfD9r/download?path=%2Fannotations%2FT2T15%2Frepeatmasker&files=T2T15.filtered.bed
T2T15	repeatmasker	T2T15.filtered_satellites.bed	annotations/T2T15/repeatmasker/T2T15.filtered_satellites.bed	4205415	4.0MB	https://cloud.imgag.de/s/oiHyaeziGCYfD9r/download?path=%2Fannotations%2FT2T15%2Frepeatmasker&files=T2T15.filtered_satellites.bed
T2T15	repeatmasker	T2T15.repeatmasker.out	annotations/T2T15/repeatmasker/T2T15.repeatmasker.out	1851173455	1.7GB	https://cloud.imgag.de/s/oiHyaeziGCYfD9r/download?path=%2Fannotations%2FT2T15%2Frepeatmasker&files=T2T15.repeatmasker.out
T2T15	variants	T2T15.small_variants.vcf.gz	annotations/T2T15/variants/T2T15.small_variants.vcf.gz	39375002	37.6MB	https://cloud.imgag.de/s/oiHyaeziGCYfD9r/download?path=%2Fannotations%2FT2T15%2Fvariants&files=T2T15.small_variants.vcf.gz
T2T15	variants	T2T15.small_variants.vcf.gz.tbi	annotations/T2T15/variants/T2T15.small_variants.vcf.gz.tbi	1582844	1.5MB	https://cloud.imgag.de/s/oiHyaeziGCYfD9r/download?path=%2Fannotations%2FT2T15%2Fvariants&files=T2T15.small_variants.vcf.gz.tbi
T2T15	variants	T2T15.structural_variants.vcf.gz	annotations/T2T15/variants/T2T15.structural_variants.vcf.gz	7544074	7.2MB	https://cloud.imgag.de/s/oiHyaeziGCYfD9r/download?path=%2Fannotations%2FT2T15%2Fvariants&files=T2T15.structural_variants.vcf.gz
T2T15	variants	T2T15.structural_variants.vcf.gz.tbi	annotations/T2T15/variants/T2T15.structural_variants.vcf.gz.tbi	278138	271.6KB	https://cloud.imgag.de/s/oiHyaeziGCYfD9r/download?path=%2Fannotations%2FT2T15%2Fvariants&files=T2T15.structural_variants.vcf.gz.tbi
T2T16	3d_contacts	T2T16.combined.mcool	annotations/T2T16/3d_contacts/T2T16.combined.mcool	2635409593	2.5GB	https://cloud.imgag.de/s/oiHyaeziGCYfD9r/download?path=%2Fannotations%2FT2T16%2F3d_contacts&files=T2T16.combined.mcool
T2T16	3d_contacts	T2T16.hp1.mcool	annotations/T2T16/3d_contacts/T2T16.hp1.mcool	1553165850	1.4GB	https://cloud.imgag.de/s/oiHyaeziGCYfD9r/download?path=%2Fannotations%2FT2T16%2F3d_contacts&files=T2T16.hp1.mcool
T2T16	3d_contacts	T2T16.hp2.mcool	annotations/T2T16/3d_contacts/T2T16.hp2.mcool	1555832392	1.4GB	https://cloud.imgag.de/s/oiHyaeziGCYfD9r/download?path=%2Fannotations%2FT2T16%2F3d_contacts&files=T2T16.hp2.mcool
T2T16	assembly_issues	T2T16.assembly_issues.lifted.gff3	annotations/T2T16/assembly_issues/T2T16.assembly_issues.lifted.gff3	2131454	2.0MB	https://cloud.imgag.de/s/oiHyaeziGCYfD9r/download?path=%2Fannotations%2FT2T16%2Fassembly_issues&files=T2T16.assembly_issues.lifted.gff3
T2T16	assembly_issues	T2T16.flagger.bed	annotations/T2T16/assembly_issues/T2T16.flagger.bed	394328	385.1KB	https://cloud.imgag.de/s/oiHyaeziGCYfD9r/download?path=%2Fannotations%2FT2T16%2Fassembly_issues&files=T2T16.flagger.bed
T2T16	assembly_issues	T2T16.gaps.bed	annotations/T2T16/assembly_issues/T2T16.gaps.bed	3448	3.4KB	https://cloud.imgag.de/s/oiHyaeziGCYfD9r/download?path=%2Fannotations%2FT2T16%2Fassembly_issues&files=T2T16.gaps.bed
T2T16	assembly_issues	T2T16.nucflag_misasm.bed	annotations/T2T16/assembly_issues/T2T16.nucflag_misasm.bed	377845	369.0KB	https://cloud.imgag.de/s/oiHyaeziGCYfD9r/download?path=%2Fannotations%2FT2T16%2Fassembly_issues&files=T2T16.nucflag_misasm.bed
T2T16	assembly_issues	T2T16.nucflag_status.bed	annotations/T2T16/assembly_issues/T2T16.nucflag_status.bed	74144	72.4KB	https://cloud.imgag.de/s/oiHyaeziGCYfD9r/download?path=%2Fannotations%2FT2T16%2Fassembly_issues&files=T2T16.nucflag_status.bed
T2T16	cenmap	T2T16.complete_cens.bed	annotations/T2T16/cenmap/T2T16.complete_cens.bed	3936	3.8KB	https://cloud.imgag.de/s/oiHyaeziGCYfD9r/download?path=%2Fannotations%2FT2T16%2Fcenmap&files=T2T16.complete_cens.bed
T2T16	cenmap	T2T16.complete_correct_cens.bed	annotations/T2T16/cenmap/T2T16.complete_correct_cens.bed	1715	1.7KB	https://cloud.imgag.de/s/oiHyaeziGCYfD9r/download?path=%2Fannotations%2FT2T16%2Fcenmap&files=T2T16.complete_correct_cens.bed
T2T16	methylation	T2T16.hp1.methyl.bed	annotations/T2T16/methylation/T2T16.hp1.methyl.bed	2828150366	2.6GB	https://cloud.imgag.de/s/oiHyaeziGCYfD9r/download?path=%2Fannotations%2FT2T16%2Fmethylation&files=T2T16.hp1.methyl.bed
T2T16	methylation	T2T16.hp2.methyl.bed	annotations/T2T16/methylation/T2T16.hp2.methyl.bed	2836479236	2.6GB	https://cloud.imgag.de/s/oiHyaeziGCYfD9r/download?path=%2Fannotations%2FT2T16%2Fmethylation&files=T2T16.hp2.methyl.bed
T2T16	repeatmasker	T2T16.filtered.bed	annotations/T2T16/repeatmasker/T2T16.filtered.bed	722282795	688.8MB	https://cloud.imgag.de/s/oiHyaeziGCYfD9r/download?path=%2Fannotations%2FT2T16%2Frepeatmasker&files=T2T16.filtered.bed
T2T16	repeatmasker	T2T16.filtered_satellites.bed	annotations/T2T16/repeatmasker/T2T16.filtered_satellites.bed	3186074	3.0MB	https://cloud.imgag.de/s/oiHyaeziGCYfD9r/download?path=%2Fannotations%2FT2T16%2Frepeatmasker&files=T2T16.filtered_satellites.bed
T2T16	repeatmasker	T2T16.repeatmasker.out	annotations/T2T16/repeatmasker/T2T16.repeatmasker.out	1838792468	1.7GB	https://cloud.imgag.de/s/oiHyaeziGCYfD9r/download?path=%2Fannotations%2FT2T16%2Frepeatmasker&files=T2T16.repeatmasker.out
T2T16	variants	T2T16.small_variants.vcf.gz	annotations/T2T16/variants/T2T16.small_variants.vcf.gz	38925922	37.1MB	https://cloud.imgag.de/s/oiHyaeziGCYfD9r/download?path=%2Fannotations%2FT2T16%2Fvariants&files=T2T16.small_variants.vcf.gz
T2T16	variants	T2T16.small_variants.vcf.gz.tbi	annotations/T2T16/variants/T2T16.small_variants.vcf.gz.tbi	1576714	1.5MB	https://cloud.imgag.de/s/oiHyaeziGCYfD9r/download?path=%2Fannotations%2FT2T16%2Fvariants&files=T2T16.small_variants.vcf.gz.tbi
T2T16	variants	T2T16.structural_variants.vcf.gz	annotations/T2T16/variants/T2T16.structural_variants.vcf.gz	7526945	7.2MB	https://cloud.imgag.de/s/oiHyaeziGCYfD9r/download?path=%2Fannotations%2FT2T16%2Fvariants&files=T2T16.structural_variants.vcf.gz
T2T16	variants	T2T16.structural_variants.vcf.gz.tbi	annotations/T2T16/variants/T2T16.structural_variants.vcf.gz.tbi	275335	268.9KB	https://cloud.imgag.de/s/oiHyaeziGCYfD9r/download?path=%2Fannotations%2FT2T16%2Fvariants&files=T2T16.structural_variants.vcf.gz.tbi
T2T17	3d_contacts	T2T17.combined.mcool	annotations/T2T17/3d_contacts/T2T17.combined.mcool	2123298608	2.0GB	https://cloud.imgag.de/s/oiHyaeziGCYfD9r/download?path=%2Fannotations%2FT2T17%2F3d_contacts&files=T2T17.combined.mcool
T2T17	3d_contacts	T2T17.hp1.mcool	annotations/T2T17/3d_contacts/T2T17.hp1.mcool	951086160	907.0MB	https://cloud.imgag.de/s/oiHyaeziGCYfD9r/download?path=%2Fannotations%2FT2T17%2F3d_contacts&files=T2T17.hp1.mcool
T2T17	3d_contacts	T2T17.hp2.mcool	annotations/T2T17/3d_contacts/T2T17.hp2.mcool	947976159	904.1MB	https://cloud.imgag.de/s/oiHyaeziGCYfD9r/download?path=%2Fannotations%2FT2T17%2F3d_contacts&files=T2T17.hp2.mcool
T2T17	assembly_issues	T2T17.assembly_issues.lifted.gff3	annotations/T2T17/assembly_issues/T2T17.assembly_issues.lifted.gff3	833643	814.1KB	https://cloud.imgag.de/s/oiHyaeziGCYfD9r/download?path=%2Fannotations%2FT2T17%2Fassembly_issues&files=T2T17.assembly_issues.lifted.gff3
T2T17	assembly_issues	T2T17.flagger.bed	annotations/T2T17/assembly_issues/T2T17.flagger.bed	321267	313.7KB	https://cloud.imgag.de/s/oiHyaeziGCYfD9r/download?path=%2Fannotations%2FT2T17%2Fassembly_issues&files=T2T17.flagger.bed
T2T17	assembly_issues	T2T17.gaps.bed	annotations/T2T17/assembly_issues/T2T17.gaps.bed	1222	1.2KB	https://cloud.imgag.de/s/oiHyaeziGCYfD9r/download?path=%2Fannotations%2FT2T17%2Fassembly_issues&files=T2T17.gaps.bed
T2T17	assembly_issues	T2T17.nucflag_misasm.bed	annotations/T2T17/assembly_issues/T2T17.nucflag_misasm.bed	120591	117.8KB	https://cloud.imgag.de/s/oiHyaeziGCYfD9r/download?path=%2Fannotations%2FT2T17%2Fassembly_issues&files=T2T17.nucflag_misasm.bed
T2T17	assembly_issues	T2T17.nucflag_status.bed	annotations/T2T17/assembly_issues/T2T17.nucflag_status.bed	68141	66.5KB	https://cloud.imgag.de/s/oiHyaeziGCYfD9r/download?path=%2Fannotations%2FT2T17%2Fassembly_issues&files=T2T17.nucflag_status.bed
T2T17	cenmap	T2T17.complete_cens.bed	annotations/T2T17/cenmap/T2T17.complete_cens.bed	4006	3.9KB	https://cloud.imgag.de/s/oiHyaeziGCYfD9r/download?path=%2Fannotations%2FT2T17%2Fcenmap&files=T2T17.complete_cens.bed
T2T17	cenmap	T2T17.complete_correct_cens.bed	annotations/T2T17/cenmap/T2T17.complete_correct_cens.bed	4084	4.0KB	https://cloud.imgag.de/s/oiHyaeziGCYfD9r/download?path=%2Fannotations%2FT2T17%2Fcenmap&files=T2T17.complete_correct_cens.bed
T2T17	methylation	T2T17.hp1.methyl.bed	annotations/T2T17/methylation/T2T17.hp1.methyl.bed	3635513300	3.4GB	https://cloud.imgag.de/s/oiHyaeziGCYfD9r/download?path=%2Fannotations%2FT2T17%2Fmethylation&files=T2T17.hp1.methyl.bed
T2T17	methylation	T2T17.hp2.methyl.bed	annotations/T2T17/methylation/T2T17.hp2.methyl.bed	3656503866	3.4GB	https://cloud.imgag.de/s/oiHyaeziGCYfD9r/download?path=%2Fannotations%2FT2T17%2Fmethylation&files=T2T17.hp2.methyl.bed
T2T17	repeatmasker	T2T17.filtered.bed	annotations/T2T17/repeatmasker/T2T17.filtered.bed	713804386	680.7MB	https://cloud.imgag.de/s/oiHyaeziGCYfD9r/download?path=%2Fannotations%2FT2T17%2Frepeatmasker&files=T2T17.filtered.bed
T2T17	repeatmasker	T2T17.filtered_satellites.bed	annotations/T2T17/repeatmasker/T2T17.filtered_satellites.bed	4817183	4.6MB	https://cloud.imgag.de/s/oiHyaeziGCYfD9r/download?path=%2Fannotations%2FT2T17%2Frepeatmasker&files=T2T17.filtered_satellites.bed
T2T17	repeatmasker	T2T17.repeatmasker.out	annotations/T2T17/repeatmasker/T2T17.repeatmasker.out	1815254431	1.7GB	https://cloud.imgag.de/s/oiHyaeziGCYfD9r/download?path=%2Fannotations%2FT2T17%2Frepeatmasker&files=T2T17.repeatmasker.out
T2T17	variants	T2T17.small_variants.vcf.gz	annotations/T2T17/variants/T2T17.small_variants.vcf.gz	38469801	36.7MB	https://cloud.imgag.de/s/oiHyaeziGCYfD9r/download?path=%2Fannotations%2FT2T17%2Fvariants&files=T2T17.small_variants.vcf.gz
T2T17	variants	T2T17.small_variants.vcf.gz.tbi	annotations/T2T17/variants/T2T17.small_variants.vcf.gz.tbi	1571979	1.5MB	https://cloud.imgag.de/s/oiHyaeziGCYfD9r/download?path=%2Fannotations%2FT2T17%2Fvariants&files=T2T17.small_variants.vcf.gz.tbi
T2T17	variants	T2T17.structural_variants.vcf.gz	annotations/T2T17/variants/T2T17.structural_variants.vcf.gz	7656950	7.3MB	https://cloud.imgag.de/s/oiHyaeziGCYfD9r/download?path=%2Fannotations%2FT2T17%2Fvariants&files=T2T17.structural_variants.vcf.gz
T2T17	variants	T2T17.structural_variants.vcf.gz.tbi	annotations/T2T17/variants/T2T17.structural_variants.vcf.gz.tbi	280059	273.5KB	https://cloud.imgag.de/s/oiHyaeziGCYfD9r/download?path=%2Fannotations%2FT2T17%2Fvariants&files=T2T17.structural_variants.vcf.gz.tbi
T2T18	3d_contacts	T2T18.combined.mcool	annotations/T2T18/3d_contacts/T2T18.combined.mcool	1559634815	1.5GB	https://cloud.imgag.de/s/oiHyaeziGCYfD9r/download?path=%2Fannotations%2FT2T18%2F3d_contacts&files=T2T18.combined.mcool
T2T18	3d_contacts	T2T18.hp1.mcool	annotations/T2T18/3d_contacts/T2T18.hp1.mcool	619142357	590.5MB	https://cloud.imgag.de/s/oiHyaeziGCYfD9r/download?path=%2Fannotations%2FT2T18%2F3d_contacts&files=T2T18.hp1.mcool
T2T18	3d_contacts	T2T18.hp2.mcool	annotations/T2T18/3d_contacts/T2T18.hp2.mcool	618115731	589.5MB	https://cloud.imgag.de/s/oiHyaeziGCYfD9r/download?path=%2Fannotations%2FT2T18%2F3d_contacts&files=T2T18.hp2.mcool
T2T18	assembly_issues	T2T18.assembly_issues.lifted.gff3	annotations/T2T18/assembly_issues/T2T18.assembly_issues.lifted.gff3	742584	725.2KB	https://cloud.imgag.de/s/oiHyaeziGCYfD9r/download?path=%2Fannotations%2FT2T18%2Fassembly_issues&files=T2T18.assembly_issues.lifted.gff3
T2T18	assembly_issues	T2T18.flagger.bed	annotations/T2T18/assembly_issues/T2T18.flagger.bed	308659	301.4KB	https://cloud.imgag.de/s/oiHyaeziGCYfD9r/download?path=%2Fannotations%2FT2T18%2Fassembly_issues&files=T2T18.flagger.bed
T2T18	assembly_issues	T2T18.gaps.bed	annotations/T2T18/assembly_issues/T2T18.gaps.bed	890	890B	https://cloud.imgag.de/s/oiHyaeziGCYfD9r/download?path=%2Fannotations%2FT2T18%2Fassembly_issues&files=T2T18.gaps.bed
T2T18	assembly_issues	T2T18.nucflag_misasm.bed	annotations/T2T18/assembly_issues/T2T18.nucflag_misasm.bed	108051	105.5KB	https://cloud.imgag.de/s/oiHyaeziGCYfD9r/download?path=%2Fannotations%2FT2T18%2Fassembly_issues&files=T2T18.nucflag_misasm.bed
T2T18	assembly_issues	T2T18.nucflag_status.bed	annotations/T2T18/assembly_issues/T2T18.nucflag_status.bed	67673	66.1KB	https://cloud.imgag.de/s/oiHyaeziGCYfD9r/download?path=%2Fannotations%2FT2T18%2Fassembly_issues&files=T2T18.nucflag_status.bed
T2T18	cenmap	T2T18.complete_cens.bed	annotations/T2T18/cenmap/T2T18.complete_cens.bed	4024	3.9KB	https://cloud.imgag.de/s/oiHyaeziGCYfD9r/download?path=%2Fannotations%2FT2T18%2Fcenmap&files=T2T18.complete_cens.bed
T2T18	cenmap	T2T18.complete_correct_cens.bed	annotations/T2T18/cenmap/T2T18.complete_correct_cens.bed	3676	3.6KB	https://cloud.imgag.de/s/oiHyaeziGCYfD9r/download?path=%2Fannotations%2FT2T18%2Fcenmap&files=T2T18.complete_correct_cens.bed
T2T18	methylation	T2T18.hp1.methyl.bed	annotations/T2T18/methylation/T2T18.hp1.methyl.bed	3459773786	3.2GB	https://cloud.imgag.de/s/oiHyaeziGCYfD9r/download?path=%2Fannotations%2FT2T18%2Fmethylation&files=T2T18.hp1.methyl.bed
T2T18	methylation	T2T18.hp2.methyl.bed	annotations/T2T18/methylation/T2T18.hp2.methyl.bed	3488280688	3.2GB	https://cloud.imgag.de/s/oiHyaeziGCYfD9r/download?path=%2Fannotations%2FT2T18%2Fmethylation&files=T2T18.hp2.methyl.bed
T2T18	repeatmasker	T2T18.filtered.bed	annotations/T2T18/repeatmasker/T2T18.filtered.bed	713949804	680.9MB	https://cloud.imgag.de/s/oiHyaeziGCYfD9r/download?path=%2Fannotations%2FT2T18%2Frepeatmasker&files=T2T18.filtered.bed
T2T18	repeatmasker	T2T18.filtered_satellites.bed	annotations/T2T18/repeatmasker/T2T18.filtered_satellites.bed	4733915	4.5MB	https://cloud.imgag.de/s/oiHyaeziGCYfD9r/download?path=%2Fannotations%2FT2T18%2Frepeatmasker&files=T2T18.filtered_satellites.bed
T2T18	repeatmasker	T2T18.repeatmasker.out	annotations/T2T18/repeatmasker/T2T18.repeatmasker.out	1816526898	1.7GB	https://cloud.imgag.de/s/oiHyaeziGCYfD9r/download?path=%2Fannotations%2FT2T18%2Frepeatmasker&files=T2T18.repeatmasker.out
T2T18	variants	T2T18.small_variants.vcf.gz	annotations/T2T18/variants/T2T18.small_variants.vcf.gz	38636731	36.8MB	https://cloud.imgag.de/s/oiHyaeziGCYfD9r/download?path=%2Fannotations%2FT2T18%2Fvariants&files=T2T18.small_variants.vcf.gz
T2T18	variants	T2T18.small_variants.vcf.gz.tbi	annotations/T2T18/variants/T2T18.small_variants.vcf.gz.tbi	1573881	1.5MB	https://cloud.imgag.de/s/oiHyaeziGCYfD9r/download?path=%2Fannotations%2FT2T18%2Fvariants&files=T2T18.small_variants.vcf.gz.tbi
T2T18	variants	T2T18.structural_variants.vcf.gz	annotations/T2T18/variants/T2T18.structural_variants.vcf.gz	8084962	7.7MB	https://cloud.imgag.de/s/oiHyaeziGCYfD9r/download?path=%2Fannotations%2FT2T18%2Fvariants&files=T2T18.structural_variants.vcf.gz
T2T18	variants	T2T18.structural_variants.vcf.gz.tbi	annotations/T2T18/variants/T2T18.structural_variants.vcf.gz.tbi	282982	276.3KB	https://cloud.imgag.de/s/oiHyaeziGCYfD9r/download?path=%2Fannotations%2FT2T18%2Fvariants&files=T2T18.structural_variants.vcf.gz.tbi
T2T19	3d_contacts	T2T19.combined.mcool	annotations/T2T19/3d_contacts/T2T19.combined.mcool	2127164186	2.0GB	https://cloud.imgag.de/s/oiHyaeziGCYfD9r/download?path=%2Fannotations%2FT2T19%2F3d_contacts&files=T2T19.combined.mcool
T2T19	3d_contacts	T2T19.hp1.mcool	annotations/T2T19/3d_contacts/T2T19.hp1.mcool	756023951	721.0MB	https://cloud.imgag.de/s/oiHyaeziGCYfD9r/download?path=%2Fannotations%2FT2T19%2F3d_contacts&files=T2T19.hp1.mcool
T2T19	3d_contacts	T2T19.hp2.mcool	annotations/T2T19/3d_contacts/T2T19.hp2.mcool	757915055	722.8MB	https://cloud.imgag.de/s/oiHyaeziGCYfD9r/download?path=%2Fannotations%2FT2T19%2F3d_contacts&files=T2T19.hp2.mcool
T2T19	assembly_issues	T2T19.assembly_issues.lifted.gff3	annotations/T2T19/assembly_issues/T2T19.assembly_issues.lifted.gff3	761257	743.4KB	https://cloud.imgag.de/s/oiHyaeziGCYfD9r/download?path=%2Fannotations%2FT2T19%2Fassembly_issues&files=T2T19.assembly_issues.lifted.gff3
T2T19	assembly_issues	T2T19.flagger.bed	annotations/T2T19/assembly_issues/T2T19.flagger.bed	300549	293.5KB	https://cloud.imgag.de/s/oiHyaeziGCYfD9r/download?path=%2Fannotations%2FT2T19%2Fassembly_issues&files=T2T19.flagger.bed
T2T19	assembly_issues	T2T19.gaps.bed	annotations/T2T19/assembly_issues/T2T19.gaps.bed	796	796B	https://cloud.imgag.de/s/oiHyaeziGCYfD9r/download?path=%2Fannotations%2FT2T19%2Fassembly_issues&files=T2T19.gaps.bed
T2T19	assembly_issues	T2T19.nucflag_misasm.bed	annotations/T2T19/assembly_issues/T2T19.nucflag_misasm.bed	105349	102.9KB	https://cloud.imgag.de/s/oiHyaeziGCYfD9r/download?path=%2Fannotations%2FT2T19%2Fassembly_issues&files=T2T19.nucflag_misasm.bed
T2T19	assembly_issues	T2T19.nucflag_status.bed	annotations/T2T19/assembly_issues/T2T19.nucflag_status.bed	66687	65.1KB	https://cloud.imgag.de/s/oiHyaeziGCYfD9r/download?path=%2Fannotations%2FT2T19%2Fassembly_issues&files=T2T19.nucflag_status.bed
T2T19	cenmap	T2T19.complete_cens.bed	annotations/T2T19/cenmap/T2T19.complete_cens.bed	3950	3.9KB	https://cloud.imgag.de/s/oiHyaeziGCYfD9r/download?path=%2Fannotations%2FT2T19%2Fcenmap&files=T2T19.complete_cens.bed
T2T19	cenmap	T2T19.complete_correct_cens.bed	annotations/T2T19/cenmap/T2T19.complete_correct_cens.bed	3322	3.2KB	https://cloud.imgag.de/s/oiHyaeziGCYfD9r/download?path=%2Fannotations%2FT2T19%2Fcenmap&files=T2T19.complete_correct_cens.bed
T2T19	methylation	T2T19.hp1.methyl.bed	annotations/T2T19/methylation/T2T19.hp1.methyl.bed	3697000120	3.4GB	https://cloud.imgag.de/s/oiHyaeziGCYfD9r/download?path=%2Fannotations%2FT2T19%2Fmethylation&files=T2T19.hp1.methyl.bed
T2T19	methylation	T2T19.hp2.methyl.bed	annotations/T2T19/methylation/T2T19.hp2.methyl.bed	3683144768	3.4GB	https://cloud.imgag.de/s/oiHyaeziGCYfD9r/download?path=%2Fannotations%2FT2T19%2Fmethylation&files=T2T19.hp2.methyl.bed
T2T19	repeatmasker	T2T19.filtered.bed	annotations/T2T19/repeatmasker/T2T19.filtered.bed	712592575	679.6MB	https://cloud.imgag.de/s/oiHyaeziGCYfD9r/download?path=%2Fannotations%2FT2T19%2Frepeatmasker&files=T2T19.filtered.bed
T2T19	repeatmasker	T2T19.filtered_satellites.bed	annotations/T2T19/repeatmasker/T2T19.filtered_satellites.bed	4673907	4.5MB	https://cloud.imgag.de/s/oiHyaeziGCYfD9r/download?path=%2Fannotations%2FT2T19%2Frepeatmasker&files=T2T19.filtered_satellites.bed
T2T19	repeatmasker	T2T19.repeatmasker.out	annotations/T2T19/repeatmasker/T2T19.repeatmasker.out	1812812701	1.7GB	https://cloud.imgag.de/s/oiHyaeziGCYfD9r/download?path=%2Fannotations%2FT2T19%2Frepeatmasker&files=T2T19.repeatmasker.out
T2T19	variants	T2T19.small_variants.vcf.gz	annotations/T2T19/variants/T2T19.small_variants.vcf.gz	39256429	37.4MB	https://cloud.imgag.de/s/oiHyaeziGCYfD9r/download?path=%2Fannotations%2FT2T19%2Fvariants&files=T2T19.small_variants.vcf.gz
T2T19	variants	T2T19.small_variants.vcf.gz.tbi	annotations/T2T19/variants/T2T19.small_variants.vcf.gz.tbi	1572857	1.5MB	https://cloud.imgag.de/s/oiHyaeziGCYfD9r/download?path=%2Fannotations%2FT2T19%2Fvariants&files=T2T19.small_variants.vcf.gz.tbi
T2T19	variants	T2T19.structural_variants.vcf.gz	annotations/T2T19/variants/T2T19.structural_variants.vcf.gz	7657298	7.3MB	https://cloud.imgag.de/s/oiHyaeziGCYfD9r/download?path=%2Fannotations%2FT2T19%2Fvariants&files=T2T19.structural_variants.vcf.gz
T2T19	variants	T2T19.structural_variants.vcf.gz.tbi	annotations/T2T19/variants/T2T19.structural_variants.vcf.gz.tbi	286527	279.8KB	https://cloud.imgag.de/s/oiHyaeziGCYfD9r/download?path=%2Fannotations%2FT2T19%2Fvariants&files=T2T19.structural_variants.vcf.gz.tbi
T2T_HG002	assembly_issues	T2T_HG002.assembly_issues.lifted.gff3	annotations/T2T_HG002/assembly_issues/T2T_HG002.assembly_issues.lifted.gff3	1991695	1.9MB	https://cloud.imgag.de/s/oiHyaeziGCYfD9r/download?path=%2Fannotations%2FT2T_HG002%2Fassembly_issues&files=T2T_HG002.assembly_issues.lifted.gff3
T2T_HG002	assembly_issues	T2T_HG002.flagger.bed	annotations/T2T_HG002/assembly_issues/T2T_HG002.flagger.bed	365967	357.4KB	https://cloud.imgag.de/s/oiHyaeziGCYfD9r/download?path=%2Fannotations%2FT2T_HG002%2Fassembly_issues&files=T2T_HG002.flagger.bed
T2T_HG002	assembly_issues	T2T_HG002.gaps.bed	annotations/T2T_HG002/assembly_issues/T2T_HG002.gaps.bed	2746	2.7KB	https://cloud.imgag.de/s/oiHyaeziGCYfD9r/download?path=%2Fannotations%2FT2T_HG002%2Fassembly_issues&files=T2T_HG002.gaps.bed
T2T_HG002	assembly_issues	T2T_HG002.nucflag_misasm.bed	annotations/T2T_HG002/assembly_issues/T2T_HG002.nucflag_misasm.bed	440409	430.1KB	https://cloud.imgag.de/s/oiHyaeziGCYfD9r/download?path=%2Fannotations%2FT2T_HG002%2Fassembly_issues&files=T2T_HG002.nucflag_misasm.bed
T2T_HG002	assembly_issues	T2T_HG002.nucflag_status.bed	annotations/T2T_HG002/assembly_issues/T2T_HG002.nucflag_status.bed	81768	79.9KB	https://cloud.imgag.de/s/oiHyaeziGCYfD9r/download?path=%2Fannotations%2FT2T_HG002%2Fassembly_issues&files=T2T_HG002.nucflag_status.bed
T2T_HG002	repeatmasker	T2T_HG002.filtered.bed	annotations/T2T_HG002/repeatmasker/T2T_HG002.filtered.bed	713956184	680.9MB	https://cloud.imgag.de/s/oiHyaeziGCYfD9r/download?path=%2Fannotations%2FT2T_HG002%2Frepeatmasker&files=T2T_HG002.filtered.bed
T2T_HG002	repeatmasker	T2T_HG002.filtered_satellites.bed	annotations/T2T_HG002/repeatmasker/T2T_HG002.filtered_satellites.bed	4414898	4.2MB	https://cloud.imgag.de/s/oiHyaeziGCYfD9r/download?path=%2Fannotations%2FT2T_HG002%2Frepeatmasker&files=T2T_HG002.filtered_satellites.bed
T2T_HG002	repeatmasker	T2T_HG002.repeatmasker.out	annotations/T2T_HG002/repeatmasker/T2T_HG002.repeatmasker.out	1818513721	1.7GB	https://cloud.imgag.de/s/oiHyaeziGCYfD9r/download?path=%2Fannotations%2FT2T_HG002%2Frepeatmasker&files=T2T_HG002.repeatmasker.out
T2T_HG002	variants	T2T_HG002.small_variants.vcf.gz	annotations/T2T_HG002/variants/T2T_HG002.small_variants.vcf.gz	39755433	37.9MB	https://cloud.imgag.de/s/oiHyaeziGCYfD9r/download?path=%2Fannotations%2FT2T_HG002%2Fvariants&files=T2T_HG002.small_variants.vcf.gz
T2T_HG002	variants	T2T_HG002.small_variants.vcf.gz.tbi	annotations/T2T_HG002/variants/T2T_HG002.small_variants.vcf.gz.tbi	1583518	1.5MB	https://cloud.imgag.de/s/oiHyaeziGCYfD9r/download?path=%2Fannotations%2FT2T_HG002%2Fvariants&files=T2T_HG002.small_variants.vcf.gz.tbi
T2T_HG002	variants	T2T_HG002.structural_variants.vcf.gz	annotations/T2T_HG002/variants/T2T_HG002.structural_variants.vcf.gz	7782734	7.4MB	https://cloud.imgag.de/s/oiHyaeziGCYfD9r/download?path=%2Fannotations%2FT2T_HG002%2Fvariants&files=T2T_HG002.structural_variants.vcf.gz
T2T_HG002	variants	T2T_HG002.structural_variants.vcf.gz.tbi	annotations/T2T_HG002/variants/T2T_HG002.structural_variants.vcf.gz.tbi	276868	270.4KB	https://cloud.imgag.de/s/oiHyaeziGCYfD9r/download?path=%2Fannotations%2FT2T_HG002%2Fvariants&files=T2T_HG002.structural_variants.vcf.gz.tbi
